sample_id,resource_type,resource_id,activity,duration_minutes
1,shovel,S1,loading,4.1226
2,shovel,S1,loading,3.7613
3,shovel,S1,loading,4.7118
4,shovel,S1,loading,4.4817
5,shovel,S1,loading,4.8121
6,shovel,S1,loading,4.1088
7,shovel,S1,loading,4.8149
8,shovel,S1,loading,4.4264
9,shovel,S1,loading,5.3954
10,shovel,S1,loading,4.763
11,shovel,S1,loading,5.8211
12,shovel,S1,loading,4.0184
13,shovel,S1,loading,4.1363
14,shovel,S1,loading,4.6221
15,shovel,S1,loading,4.4515
16,shovel,S1,loading,4.9735
17,shovel,S1,loading,4.5851
18,shovel,S1,loading,3.9642
19,shovel,S1,loading,5.3641
20,shovel,S1,loading,5.1086
21,shovel,S1,loading,5.3055
22,shovel,S1,loading,4.7485
23,shovel,S1,loading,4.25
24,shovel,S1,loading,5.22
25,shovel,S1,loading,4.1653
26,shovel,S1,loading,3.9149
27,shovel,S1,loading,5.0607
28,shovel,S1,loading,4.865
29,shovel,S1,loading,4.4532
30,shovel,S1,loading,4.3536
31,shovel,S1,loading,4.5369
32,shovel,S1,loading,4.4929
33,shovel,S1,loading,4.1455
34,shovel,S1,loading,4.6648
35,shovel,S1,loading,4.9628
36,shovel,S1,loading,5.2084
37,shovel,S1,loading,5.6699
38,shovel,S1,loading,3.9869
39,shovel,S1,loading,5.3426
40,shovel,S1,loading,4.8038
41,shovel,S1,loading,4.8482
42,shovel,S1,loading,4.2436
43,shovel,S1,loading,4.3355
44,shovel,S1,loading,5.2888
45,shovel,S1,loading,4.1702
46,shovel,S1,loading,4.5014
47,shovel,S1,loading,5.0605
48,shovel,S1,loading,4.4339
49,shovel,S1,loading,3.843
50,shovel,S1,loading,3.8946
51,shovel,S1,loading,5.9767
52,shovel,S1,loading,4.7123
53,shovel,S1,loading,4.8711
54,shovel,S1,loading,4.363
55,shovel,S1,loading,4.8534
56,shovel,S1,loading,4.3341
57,shovel,S1,loading,4.5481
58,shovel,S1,loading,4.4363
59,shovel,S1,loading,4.2495
60,shovel,S1,loading,5.0563
61,shovel,S1,loading,4.2949
62,shovel,S1,loading,3.8417
63,shovel,S1,loading,4.2727
64,shovel,S1,loading,4.7896
65,shovel,S1,loading,4.5114
66,shovel,S1,loading,4.8722
67,shovel,S1,loading,4.2042
68,shovel,S1,loading,4.4082
69,shovel,S1,loading,4.7242
70,shovel,S1,loading,5.2234
71,shovel,S1,loading,4.7517
72,shovel,S1,loading,4.7706
73,shovel,S1,loading,4.7537
74,shovel,S1,loading,4.9785
75,shovel,S1,loading,4.9994
76,shovel,S1,loading,4.1541
77,shovel,S1,loading,4.6271
78,shovel,S1,loading,4.5644
79,shovel,S1,loading,4.6291
80,shovel,S1,loading,5.5574
81,shovel,S1,loading,4.3309
82,shovel,S1,loading,4.2904
83,shovel,S1,loading,4.1078
84,shovel,S1,loading,4.2565
85,shovel,S1,loading,4.4036
86,shovel,S1,loading,4.6733
87,shovel,S1,loading,4.7498
88,shovel,S1,loading,4.7722
89,shovel,S1,loading,4.4647
90,shovel,S1,loading,4.245
91,shovel,S1,loading,4.2681
92,shovel,S1,loading,5.285
93,shovel,S1,loading,4.6174
94,shovel,S1,loading,4.0031
95,shovel,S1,loading,5.005
96,shovel,S1,loading,5.6347
97,shovel,S1,loading,4.3299
98,shovel,S1,loading,3.9607
99,shovel,S1,loading,5.1817
100,shovel,S1,loading,4.5955
101,shovel,S1,loading,4.3177
102,shovel,S1,loading,4.1904
103,shovel,S1,loading,5.8178
104,shovel,S1,loading,4.6487
105,shovel,S1,loading,4.0105
106,shovel,S1,loading,4.0972
107,shovel,S1,loading,4.2547
108,shovel,S1,loading,4.0548
109,shovel,S1,loading,4.8833
110,shovel,S1,loading,4.8128
111,shovel,S1,loading,3.834
112,shovel,S1,loading,5.2934
113,shovel,S1,loading,5.3485
114,shovel,S1,loading,4.7866
115,shovel,S1,loading,4.0912
116,shovel,S1,loading,5.1508
117,shovel,S1,loading,4.5077
118,shovel,S1,loading,4.5586
119,shovel,S1,loading,4.6185
120,shovel,S1,loading,4.1517
121,shovel,S1,loading,4.999
122,shovel,S1,loading,4.6742
123,shovel,S1,loading,4.988
124,shovel,S1,loading,3.8586
125,shovel,S1,loading,5.417
126,shovel,S1,loading,5.1252
127,shovel,S1,loading,4.4056
128,shovel,S1,loading,5.361
129,shovel,S1,loading,4.5474
130,shovel,S1,loading,5.3418
131,shovel,S1,loading,4.0605
132,shovel,S1,loading,3.8246
133,shovel,S1,loading,3.932
134,shovel,S1,loading,5.7844
135,shovel,S1,loading,5.0874
136,shovel,S1,loading,4.1065
137,shovel,S1,loading,4.2343
138,shovel,S1,loading,4.3703
139,shovel,S1,loading,4.5926
140,shovel,S1,loading,4.7203
141,shovel,S1,loading,4.5154
142,shovel,S1,loading,4.7006
143,shovel,S1,loading,4.2472
144,shovel,S1,loading,4.5151
145,shovel,S1,loading,5.1039
146,shovel,S1,loading,3.9168
147,shovel,S1,loading,4.1412
148,shovel,S1,loading,4.6433
149,shovel,S1,loading,4.6424
150,shovel,S1,loading,4.51
151,shovel,S1,loading,4.1815
152,shovel,S1,loading,4.7661
153,shovel,S1,loading,5.0573
154,shovel,S1,loading,5.2143
155,shovel,S1,loading,4.1509
156,shovel,S1,loading,5.05
157,shovel,S1,loading,4.802
158,shovel,S1,loading,3.9546
159,shovel,S1,loading,4.5338
160,shovel,S1,loading,4.6362
161,shovel,S1,loading,4.2665
162,shovel,S1,loading,4.3949
163,shovel,S1,loading,4.5661
164,shovel,S1,loading,4.3261
165,shovel,S1,loading,4.8561
166,shovel,S1,loading,4.4489
167,shovel,S1,loading,4.0497
168,shovel,S1,loading,5.4529
169,shovel,S1,loading,4.6569
170,shovel,S1,loading,4.826
171,shovel,S1,loading,4.1892
172,shovel,S1,loading,5.2196
173,shovel,S1,loading,5.6398
174,shovel,S1,loading,4.3212
175,shovel,S1,loading,4.5937
176,shovel,S1,loading,5.3458
177,shovel,S1,loading,4.1883
178,shovel,S1,loading,4.4719
179,shovel,S1,loading,5.6126
180,shovel,S1,loading,4.5339
181,shovel,S1,loading,3.827
182,shovel,S1,loading,5.1024
183,shovel,S1,loading,4.961
184,shovel,S1,loading,5.8742
185,shovel,S1,loading,4.6287
186,shovel,S1,loading,5.6595
187,shovel,S1,loading,5.1091
188,shovel,S1,loading,5.751
189,shovel,S1,loading,3.8399
190,shovel,S1,loading,4.8239
191,shovel,S1,loading,4.603
192,shovel,S1,loading,4.4009
193,shovel,S1,loading,4.4495
194,shovel,S1,loading,4.8093
195,shovel,S1,loading,3.9024
196,shovel,S1,loading,4.6758
197,shovel,S1,loading,4.9543
198,shovel,S1,loading,4.4137
199,shovel,S1,loading,4.1139
200,shovel,S1,loading,4.5405
201,shovel,S1,loading,4.9367
202,shovel,S1,loading,3.9867
203,shovel,S1,loading,5.0392
204,shovel,S1,loading,4.3806
205,shovel,S1,loading,4.7856
206,shovel,S1,loading,4.4581
207,shovel,S1,loading,4.87
208,shovel,S1,loading,3.8605
209,shovel,S1,loading,5.4356
210,shovel,S1,loading,3.7405
211,shovel,S1,loading,5.1094
212,shovel,S1,loading,3.8734
213,shovel,S1,loading,4.9815
214,shovel,S1,loading,4.3482
215,shovel,S1,loading,4.3167
216,shovel,S1,loading,4.6265
217,shovel,S1,loading,4.3262
218,shovel,S1,loading,5.1994
219,shovel,S1,loading,4.8151
220,shovel,S1,loading,4.743
221,shovel,S1,loading,4.6478
222,shovel,S1,loading,4.9336
223,shovel,S1,loading,5.3885
224,shovel,S1,loading,5.0442
225,shovel,S1,loading,4.7309
226,shovel,S1,loading,4.9447
227,shovel,S1,loading,4.2968
228,shovel,S1,loading,5.4024
229,shovel,S1,loading,4.0643
230,shovel,S1,loading,4.9088
231,shovel,S1,loading,4.1925
232,shovel,S1,loading,4.0919
233,shovel,S1,loading,4.2342
234,shovel,S1,loading,4.9589
235,shovel,S1,loading,5.3621
236,shovel,S1,loading,4.5318
237,shovel,S1,loading,5.5242
238,shovel,S1,loading,3.8392
239,shovel,S1,loading,5.698
240,shovel,S1,loading,5.0054
241,shovel,S1,loading,4.1227
242,shovel,S1,loading,4.9441
243,shovel,S1,loading,4.099
244,shovel,S1,loading,5.3827
245,shovel,S1,loading,5.8328
246,shovel,S1,loading,4.5147
247,shovel,S1,loading,4.5802
248,shovel,S1,loading,4.7823
249,shovel,S1,loading,3.8604
250,shovel,S1,loading,5.4029
251,shovel,S1,loading,4.75
252,shovel,S1,loading,5.6161
253,shovel,S1,loading,4.1114
254,shovel,S1,loading,5.8078
255,shovel,S1,loading,3.8089
256,shovel,S1,loading,5.0726
257,shovel,S1,loading,4.748
258,shovel,S1,loading,4.9017
259,shovel,S1,loading,4.4087
260,shovel,S1,loading,4.7255
261,shovel,S1,loading,3.8641
262,shovel,S1,loading,4.6145
263,shovel,S1,loading,5.0333
264,shovel,S1,loading,5.3474
265,shovel,S1,loading,4.7897
266,shovel,S1,loading,4.0611
267,shovel,S1,loading,4.686
268,shovel,S1,loading,5.6824
269,shovel,S1,loading,3.9158
270,shovel,S1,loading,4.4214
271,shovel,S1,loading,5.0582
272,shovel,S1,loading,4.7099
273,shovel,S1,loading,5.0442
274,shovel,S1,loading,4.4545
275,shovel,S1,loading,4.6601
276,shovel,S1,loading,4.946
277,shovel,S1,loading,4.8891
278,shovel,S1,loading,4.6913
279,shovel,S1,loading,4.0146
280,shovel,S1,loading,5.0724
281,shovel,S1,loading,4.4724
282,shovel,S1,loading,4.4485
283,shovel,S1,loading,5.1614
284,shovel,S1,loading,5.2914
285,shovel,S1,loading,4.363
286,shovel,S1,loading,5.1102
287,shovel,S1,loading,4.234
288,shovel,S1,loading,3.8967
289,shovel,S1,loading,5.0376
290,shovel,S1,loading,4.8767
291,shovel,S1,loading,5.4093
292,shovel,S1,loading,5.3312
293,shovel,S1,loading,4.4607
294,shovel,S1,loading,4.5587
295,shovel,S1,loading,4.637
296,shovel,S1,loading,4.9036
297,shovel,S1,loading,4.0673
298,shovel,S1,loading,5.1442
299,shovel,S1,loading,3.7909
300,shovel,S1,loading,5.1176
301,shovel,S1,loading,4.8261
302,shovel,S1,loading,4.6006
303,shovel,S1,loading,4.7431
304,shovel,S1,loading,3.7262
305,shovel,S1,loading,4.3784
306,shovel,S1,loading,4.4911
307,shovel,S1,loading,4.6046
308,shovel,S1,loading,4.01
309,shovel,S1,loading,4.6569
310,shovel,S1,loading,5.1594
311,shovel,S1,loading,4.6375
312,shovel,S1,loading,5.2832
313,shovel,S1,loading,5.0885
314,shovel,S1,loading,4.9525
315,shovel,S1,loading,3.9501
316,shovel,S1,loading,5.3297
317,shovel,S1,loading,4.9689
318,shovel,S1,loading,4.3805
319,shovel,S1,loading,4.7672
320,shovel,S1,loading,4.0839
321,shovel,S1,loading,4.8544
322,shovel,S1,loading,4.9361
323,shovel,S1,loading,4.5014
324,shovel,S1,loading,4.7954
325,shovel,S1,loading,5.4271
326,shovel,S1,loading,4.1476
327,shovel,S1,loading,3.6103
328,shovel,S1,loading,3.8994
329,shovel,S1,loading,4.9416
330,shovel,S1,loading,4.9054
331,shovel,S1,loading,4.7984
332,shovel,S1,loading,4.3164
333,shovel,S1,loading,4.4663
334,shovel,S1,loading,5.8248
335,shovel,S1,loading,4.5927
336,shovel,S1,loading,4.0406
337,shovel,S1,loading,4.7439
338,shovel,S1,loading,5.2047
339,shovel,S1,loading,5.4104
340,shovel,S1,loading,4.2479
341,shovel,S1,loading,4.9528
342,shovel,S1,loading,4.5552
343,shovel,S1,loading,4.0318
344,shovel,S1,loading,5.9058
345,shovel,S1,loading,5.0284
346,shovel,S1,loading,4.9294
347,shovel,S1,loading,4.6398
348,shovel,S1,loading,4.0937
349,shovel,S1,loading,4.5755
350,shovel,S1,loading,4.7598
351,shovel,S1,loading,4.8137
352,shovel,S1,loading,4.3122
353,shovel,S1,loading,5.2622
354,shovel,S1,loading,4.0139
355,shovel,S1,loading,5.0746
356,shovel,S1,loading,4.3772
357,shovel,S1,loading,4.4255
358,shovel,S1,loading,5.1131
359,shovel,S1,loading,5.3679
360,shovel,S1,loading,4.9006
361,shovel,S1,loading,4.0651
362,shovel,S1,loading,4.5393
363,shovel,S1,loading,5.4976
364,shovel,S1,loading,4.5452
365,shovel,S1,loading,5.5672
366,shovel,S1,loading,5.0175
367,shovel,S1,loading,5.1448
368,shovel,S1,loading,4.5013
369,shovel,S1,loading,4.4768
370,shovel,S1,loading,4.7836
371,shovel,S1,loading,4.629
372,shovel,S1,loading,4.5732
373,shovel,S1,loading,3.9065
374,shovel,S1,loading,4.3287
375,shovel,S1,loading,4.262
376,shovel,S1,loading,4.1078
377,shovel,S1,loading,4.793
378,shovel,S1,loading,5.5101
379,shovel,S1,loading,5.814
380,shovel,S1,loading,5.053
381,shovel,S1,loading,5.1224
382,shovel,S1,loading,3.9405
383,shovel,S1,loading,5.158
384,shovel,S1,loading,5.5485
385,shovel,S1,loading,5.3697
386,shovel,S1,loading,4.2085
387,shovel,S1,loading,4.0083
388,shovel,S1,loading,4.3625
389,shovel,S1,loading,4.561
390,shovel,S1,loading,4.8727
391,shovel,S1,loading,4.2368
392,shovel,S1,loading,3.931
393,shovel,S1,loading,4.6009
394,shovel,S1,loading,4.7916
395,shovel,S1,loading,4.7988
396,shovel,S1,loading,4.6237
397,shovel,S1,loading,4.6068
398,shovel,S1,loading,4.7638
399,shovel,S1,loading,4.4857
400,shovel,S1,loading,4.4118
401,shovel,S1,loading,4.4407
402,shovel,S1,loading,4.5798
403,shovel,S1,loading,4.6373
404,shovel,S1,loading,3.517
405,shovel,S1,loading,4.3797
406,shovel,S1,loading,4.0983
407,shovel,S1,loading,4.8046
408,shovel,S1,loading,4.6337
409,shovel,S1,loading,4.9942
410,shovel,S1,loading,4.7532
411,shovel,S1,loading,5.4412
412,shovel,S1,loading,4.4203
413,shovel,S1,loading,4.2389
414,shovel,S1,loading,4.9201
415,shovel,S1,loading,4.334
416,shovel,S1,loading,4.3621
417,shovel,S1,loading,4.385
418,shovel,S1,loading,4.8076
419,shovel,S1,loading,4.8059
420,shovel,S1,loading,4.0917
421,shovel,S1,loading,5.1394
422,shovel,S1,loading,5.294
423,shovel,S1,loading,4.2136
424,shovel,S1,loading,4.4219
425,shovel,S1,loading,4.8013
426,shovel,S1,loading,4.2056
427,shovel,S1,loading,4.1771
428,shovel,S1,loading,4.0323
429,shovel,S1,loading,4.6913
430,shovel,S1,loading,4.7091
431,shovel,S1,loading,5.1881
432,shovel,S1,loading,5.1181
433,shovel,S1,loading,4.9328
434,shovel,S1,loading,5.4648
435,shovel,S1,loading,4.7235
436,shovel,S1,loading,4.6282
437,shovel,S1,loading,5.0301
438,shovel,S1,loading,4.4728
439,shovel,S1,loading,4.5129
440,shovel,S1,loading,4.7257
441,shovel,S1,loading,4.6648
442,shovel,S1,loading,4.7315
443,shovel,S1,loading,5.1481
444,shovel,S1,loading,5.3693
445,shovel,S1,loading,5.3099
446,shovel,S1,loading,4.8578
447,shovel,S1,loading,4.3753
448,shovel,S1,loading,4.661
449,shovel,S1,loading,5.303
450,shovel,S1,loading,5.8646
451,shovel,S1,loading,4.6049
452,shovel,S1,loading,5.4054
453,shovel,S1,loading,4.8795
454,shovel,S1,loading,4.4435
455,shovel,S1,loading,5.745
456,shovel,S1,loading,5.078
457,shovel,S1,loading,4.241
458,shovel,S1,loading,5.6562
459,shovel,S1,loading,5.4013
460,shovel,S1,loading,5.0772
461,shovel,S1,loading,4.0876
462,shovel,S1,loading,4.2403
463,shovel,S1,loading,4.4706
464,shovel,S1,loading,4.2583
465,shovel,S1,loading,4.7675
466,shovel,S1,loading,4.4079
467,shovel,S1,loading,4.3619
468,shovel,S1,loading,5.5602
469,shovel,S1,loading,4.3995
470,shovel,S1,loading,3.9985
471,shovel,S1,loading,4.868
472,shovel,S1,loading,4.0428
473,shovel,S1,loading,3.7191
474,shovel,S1,loading,4.9688
475,shovel,S1,loading,4.9586
476,shovel,S1,loading,5.1509
477,shovel,S1,loading,4.9314
478,shovel,S1,loading,4.3139
479,shovel,S1,loading,4.2039
480,shovel,S1,loading,4.3414
481,shovel,S1,loading,5.6491
482,shovel,S1,loading,4.8218
483,shovel,S1,loading,4.1166
484,shovel,S1,loading,4.0398
485,shovel,S1,loading,5.0716
486,shovel,S1,loading,4.4138
487,shovel,S1,loading,5.5737
488,shovel,S1,loading,4.7854
489,shovel,S1,loading,5.3754
490,shovel,S1,loading,4.4283
491,shovel,S1,loading,5.145
492,shovel,S1,loading,4.9528
493,shovel,S1,loading,3.9819
494,shovel,S1,loading,4.1247
495,shovel,S1,loading,5.0656
496,shovel,S1,loading,5.2702
497,shovel,S1,loading,3.8543
498,shovel,S1,loading,5.235
499,shovel,S1,loading,5.321
500,shovel,S1,loading,3.9418
1,shovel,S2,loading,5.2085
2,shovel,S2,loading,4.9742
3,shovel,S2,loading,6.1451
4,shovel,S2,loading,4.9922
5,shovel,S2,loading,5.2458
6,shovel,S2,loading,5.268
7,shovel,S2,loading,5.1676
8,shovel,S2,loading,4.7164
9,shovel,S2,loading,5.8486
10,shovel,S2,loading,4.512
11,shovel,S2,loading,6.1143
12,shovel,S2,loading,4.6296
13,shovel,S2,loading,5.3236
14,shovel,S2,loading,5.5841
15,shovel,S2,loading,4.6284
16,shovel,S2,loading,4.6876
17,shovel,S2,loading,6.3563
18,shovel,S2,loading,4.4615
19,shovel,S2,loading,5.3049
20,shovel,S2,loading,4.9048
21,shovel,S2,loading,5.4166
22,shovel,S2,loading,5.1169
23,shovel,S2,loading,6.1
24,shovel,S2,loading,5.298
25,shovel,S2,loading,4.6087
26,shovel,S2,loading,4.4571
27,shovel,S2,loading,5.964
28,shovel,S2,loading,4.9934
29,shovel,S2,loading,5.6234
30,shovel,S2,loading,5.0441
31,shovel,S2,loading,5.1713
32,shovel,S2,loading,4.4577
33,shovel,S2,loading,5.2697
34,shovel,S2,loading,5.8669
35,shovel,S2,loading,6.2036
36,shovel,S2,loading,6.3338
37,shovel,S2,loading,5.7963
38,shovel,S2,loading,5.3647
39,shovel,S2,loading,4.9627
40,shovel,S2,loading,6.1607
41,shovel,S2,loading,5.0453
42,shovel,S2,loading,4.9049
43,shovel,S2,loading,5.0879
44,shovel,S2,loading,5.1188
45,shovel,S2,loading,5.5633
46,shovel,S2,loading,5.4981
47,shovel,S2,loading,4.8768
48,shovel,S2,loading,5.794
49,shovel,S2,loading,4.0992
50,shovel,S2,loading,4.8776
51,shovel,S2,loading,5.4376
52,shovel,S2,loading,5.4365
53,shovel,S2,loading,5.5135
54,shovel,S2,loading,5.689
55,shovel,S2,loading,4.6636
56,shovel,S2,loading,4.7013
57,shovel,S2,loading,5.46
58,shovel,S2,loading,5.8435
59,shovel,S2,loading,5.1861
60,shovel,S2,loading,5.2725
61,shovel,S2,loading,5.6786
62,shovel,S2,loading,5.0728
63,shovel,S2,loading,5.29
64,shovel,S2,loading,5.1076
65,shovel,S2,loading,5.4932
66,shovel,S2,loading,4.4166
67,shovel,S2,loading,6.3132
68,shovel,S2,loading,4.7416
69,shovel,S2,loading,5.5655
70,shovel,S2,loading,4.743
71,shovel,S2,loading,5.6586
72,shovel,S2,loading,4.7098
73,shovel,S2,loading,4.8643
74,shovel,S2,loading,5.3217
75,shovel,S2,loading,4.9873
76,shovel,S2,loading,5.9833
77,shovel,S2,loading,5.3896
78,shovel,S2,loading,4.5558
79,shovel,S2,loading,5.1062
80,shovel,S2,loading,4.8848
81,shovel,S2,loading,5.8489
82,shovel,S2,loading,4.2316
83,shovel,S2,loading,4.848
84,shovel,S2,loading,4.8709
85,shovel,S2,loading,5.2723
86,shovel,S2,loading,4.8958
87,shovel,S2,loading,4.8058
88,shovel,S2,loading,4.5102
89,shovel,S2,loading,4.7146
90,shovel,S2,loading,4.2732
91,shovel,S2,loading,5.6096
92,shovel,S2,loading,4.5011
93,shovel,S2,loading,5.7519
94,shovel,S2,loading,4.2026
95,shovel,S2,loading,5.0332
96,shovel,S2,loading,4.4681
97,shovel,S2,loading,4.9344
98,shovel,S2,loading,4.4228
99,shovel,S2,loading,5.4168
100,shovel,S2,loading,5.4276
101,shovel,S2,loading,5.5309
102,shovel,S2,loading,5.0465
103,shovel,S2,loading,5.6101
104,shovel,S2,loading,4.6458
105,shovel,S2,loading,5.5842
106,shovel,S2,loading,6.2094
107,shovel,S2,loading,5.0274
108,shovel,S2,loading,5.121
109,shovel,S2,loading,4.6693
110,shovel,S2,loading,5.2038
111,shovel,S2,loading,5.0739
112,shovel,S2,loading,5.2153
113,shovel,S2,loading,6.0269
114,shovel,S2,loading,4.2697
115,shovel,S2,loading,4.7369
116,shovel,S2,loading,6.0815
117,shovel,S2,loading,5.3958
118,shovel,S2,loading,4.7158
119,shovel,S2,loading,5.1423
120,shovel,S2,loading,5.3506
121,shovel,S2,loading,5.7748
122,shovel,S2,loading,5.1763
123,shovel,S2,loading,5.0739
124,shovel,S2,loading,5.1334
125,shovel,S2,loading,4.9965
126,shovel,S2,loading,5.4655
127,shovel,S2,loading,4.6245
128,shovel,S2,loading,5.6731
129,shovel,S2,loading,4.2636
130,shovel,S2,loading,4.8562
131,shovel,S2,loading,5.1679
132,shovel,S2,loading,4.9826
133,shovel,S2,loading,4.5591
134,shovel,S2,loading,4.2881
135,shovel,S2,loading,6.1865
136,shovel,S2,loading,6.2276
137,shovel,S2,loading,4.3671
138,shovel,S2,loading,4.3069
139,shovel,S2,loading,4.7877
140,shovel,S2,loading,4.8586
141,shovel,S2,loading,4.7344
142,shovel,S2,loading,5.3122
143,shovel,S2,loading,4.6958
144,shovel,S2,loading,4.6782
145,shovel,S2,loading,4.0854
146,shovel,S2,loading,6.0656
147,shovel,S2,loading,5.3645
148,shovel,S2,loading,4.9258
149,shovel,S2,loading,5.2187
150,shovel,S2,loading,5.4093
151,shovel,S2,loading,5.1038
152,shovel,S2,loading,4.6149
153,shovel,S2,loading,5.2849
154,shovel,S2,loading,5.12
155,shovel,S2,loading,5.1935
156,shovel,S2,loading,5.3808
157,shovel,S2,loading,4.6923
158,shovel,S2,loading,4.9006
159,shovel,S2,loading,6.073
160,shovel,S2,loading,4.9526
161,shovel,S2,loading,4.5281
162,shovel,S2,loading,5.3323
163,shovel,S2,loading,4.4145
164,shovel,S2,loading,5.0456
165,shovel,S2,loading,5.3974
166,shovel,S2,loading,5.6689
167,shovel,S2,loading,4.6306
168,shovel,S2,loading,4.9924
169,shovel,S2,loading,4.5882
170,shovel,S2,loading,4.7101
171,shovel,S2,loading,5.6151
172,shovel,S2,loading,5.8089
173,shovel,S2,loading,5.3477
174,shovel,S2,loading,5.8443
175,shovel,S2,loading,5.312
176,shovel,S2,loading,5.4807
177,shovel,S2,loading,5.3906
178,shovel,S2,loading,5.5145
179,shovel,S2,loading,4.9169
180,shovel,S2,loading,4.6523
181,shovel,S2,loading,5.0058
182,shovel,S2,loading,4.8745
183,shovel,S2,loading,5.3562
184,shovel,S2,loading,4.4165
185,shovel,S2,loading,4.395
186,shovel,S2,loading,4.8196
187,shovel,S2,loading,5.4947
188,shovel,S2,loading,5.7168
189,shovel,S2,loading,4.8146
190,shovel,S2,loading,5.6278
191,shovel,S2,loading,5.5389
192,shovel,S2,loading,5.4684
193,shovel,S2,loading,5.235
194,shovel,S2,loading,4.7742
195,shovel,S2,loading,5.002
196,shovel,S2,loading,6.0418
197,shovel,S2,loading,4.4834
198,shovel,S2,loading,4.5316
199,shovel,S2,loading,5.0068
200,shovel,S2,loading,5.1719
201,shovel,S2,loading,4.3497
202,shovel,S2,loading,5.0787
203,shovel,S2,loading,4.1385
204,shovel,S2,loading,5.6789
205,shovel,S2,loading,5.725
206,shovel,S2,loading,4.949
207,shovel,S2,loading,4.6427
208,shovel,S2,loading,4.4388
209,shovel,S2,loading,4.916
210,shovel,S2,loading,5.8309
211,shovel,S2,loading,4.615
212,shovel,S2,loading,6.0915
213,shovel,S2,loading,4.9871
214,shovel,S2,loading,4.7936
215,shovel,S2,loading,4.6782
216,shovel,S2,loading,5.5379
217,shovel,S2,loading,5.3527
218,shovel,S2,loading,5.4102
219,shovel,S2,loading,5.3935
220,shovel,S2,loading,6.1948
221,shovel,S2,loading,5.8304
222,shovel,S2,loading,5.4409
223,shovel,S2,loading,4.7606
224,shovel,S2,loading,5.2402
225,shovel,S2,loading,5.4507
226,shovel,S2,loading,4.6918
227,shovel,S2,loading,4.8385
228,shovel,S2,loading,6.1252
229,shovel,S2,loading,6.4247
230,shovel,S2,loading,5.2207
231,shovel,S2,loading,5.357
232,shovel,S2,loading,5.494
233,shovel,S2,loading,5.5283
234,shovel,S2,loading,5.4321
235,shovel,S2,loading,5.4091
236,shovel,S2,loading,4.224
237,shovel,S2,loading,4.2971
238,shovel,S2,loading,5.9203
239,shovel,S2,loading,6.192
240,shovel,S2,loading,5.6686
241,shovel,S2,loading,4.2461
242,shovel,S2,loading,4.867
243,shovel,S2,loading,5.5775
244,shovel,S2,loading,4.9446
245,shovel,S2,loading,5.6125
246,shovel,S2,loading,5.3587
247,shovel,S2,loading,4.7454
248,shovel,S2,loading,4.6565
249,shovel,S2,loading,4.9112
250,shovel,S2,loading,4.7911
251,shovel,S2,loading,5.9158
252,shovel,S2,loading,4.8308
253,shovel,S2,loading,6.2425
254,shovel,S2,loading,4.0288
255,shovel,S2,loading,5.161
256,shovel,S2,loading,5.1209
257,shovel,S2,loading,5.8841
258,shovel,S2,loading,4.8332
259,shovel,S2,loading,5.5308
260,shovel,S2,loading,4.9978
261,shovel,S2,loading,5.8538
262,shovel,S2,loading,4.301
263,shovel,S2,loading,5.0374
264,shovel,S2,loading,4.7776
265,shovel,S2,loading,6.2184
266,shovel,S2,loading,5.4416
267,shovel,S2,loading,4.9706
268,shovel,S2,loading,5.5498
269,shovel,S2,loading,4.6849
270,shovel,S2,loading,5.1785
271,shovel,S2,loading,5.2531
272,shovel,S2,loading,4.6679
273,shovel,S2,loading,4.8058
274,shovel,S2,loading,4.8315
275,shovel,S2,loading,5.8776
276,shovel,S2,loading,5.6134
277,shovel,S2,loading,5.6857
278,shovel,S2,loading,4.885
279,shovel,S2,loading,4.8222
280,shovel,S2,loading,5.8062
281,shovel,S2,loading,4.1615
282,shovel,S2,loading,5.194
283,shovel,S2,loading,5.1636
284,shovel,S2,loading,5.4363
285,shovel,S2,loading,6.3656
286,shovel,S2,loading,5.8876
287,shovel,S2,loading,5.3788
288,shovel,S2,loading,5.5782
289,shovel,S2,loading,5.192
290,shovel,S2,loading,4.371
291,shovel,S2,loading,5.2811
292,shovel,S2,loading,5.5172
293,shovel,S2,loading,6.2022
294,shovel,S2,loading,4.7207
295,shovel,S2,loading,5.4233
296,shovel,S2,loading,5.0317
297,shovel,S2,loading,5.643
298,shovel,S2,loading,5.2477
299,shovel,S2,loading,6.0423
300,shovel,S2,loading,4.8647
301,shovel,S2,loading,6.0393
302,shovel,S2,loading,4.9687
303,shovel,S2,loading,4.527
304,shovel,S2,loading,5.6976
305,shovel,S2,loading,5.9699
306,shovel,S2,loading,5.9653
307,shovel,S2,loading,4.9056
308,shovel,S2,loading,5.1294
309,shovel,S2,loading,4.8993
310,shovel,S2,loading,4.6954
311,shovel,S2,loading,4.9102
312,shovel,S2,loading,5.7351
313,shovel,S2,loading,5.8675
314,shovel,S2,loading,5.0707
315,shovel,S2,loading,5.0078
316,shovel,S2,loading,5.0909
317,shovel,S2,loading,4.4236
318,shovel,S2,loading,4.4957
319,shovel,S2,loading,5.0638
320,shovel,S2,loading,5.2787
321,shovel,S2,loading,5.374
322,shovel,S2,loading,5.3745
323,shovel,S2,loading,4.2674
324,shovel,S2,loading,6.1749
325,shovel,S2,loading,5.0026
326,shovel,S2,loading,4.4233
327,shovel,S2,loading,5.5892
328,shovel,S2,loading,4.9714
329,shovel,S2,loading,5.8578
330,shovel,S2,loading,5.3837
331,shovel,S2,loading,4.532
332,shovel,S2,loading,4.9957
333,shovel,S2,loading,5.0884
334,shovel,S2,loading,5.2576
335,shovel,S2,loading,5.4423
336,shovel,S2,loading,5.4786
337,shovel,S2,loading,4.5215
338,shovel,S2,loading,4.9772
339,shovel,S2,loading,5.7021
340,shovel,S2,loading,4.9013
341,shovel,S2,loading,5.1963
342,shovel,S2,loading,4.8766
343,shovel,S2,loading,5.8307
344,shovel,S2,loading,5.1092
345,shovel,S2,loading,5.8706
346,shovel,S2,loading,5.1328
347,shovel,S2,loading,5.0949
348,shovel,S2,loading,5.816
349,shovel,S2,loading,5.2093
350,shovel,S2,loading,4.8514
351,shovel,S2,loading,5.4088
352,shovel,S2,loading,4.9991
353,shovel,S2,loading,6.243
354,shovel,S2,loading,4.8826
355,shovel,S2,loading,5.986
356,shovel,S2,loading,5.511
357,shovel,S2,loading,4.9547
358,shovel,S2,loading,5.6202
359,shovel,S2,loading,4.9905
360,shovel,S2,loading,4.3773
361,shovel,S2,loading,4.9414
362,shovel,S2,loading,5.5104
363,shovel,S2,loading,4.8654
364,shovel,S2,loading,5.2589
365,shovel,S2,loading,5.2847
366,shovel,S2,loading,4.9452
367,shovel,S2,loading,5.7542
368,shovel,S2,loading,5.993
369,shovel,S2,loading,5.7344
370,shovel,S2,loading,4.2361
371,shovel,S2,loading,4.9975
372,shovel,S2,loading,4.5741
373,shovel,S2,loading,4.6928
374,shovel,S2,loading,5.4518
375,shovel,S2,loading,5.4989
376,shovel,S2,loading,6.1003
377,shovel,S2,loading,4.8656
378,shovel,S2,loading,5.6463
379,shovel,S2,loading,5.6501
380,shovel,S2,loading,5.1163
381,shovel,S2,loading,5.6405
382,shovel,S2,loading,5.0141
383,shovel,S2,loading,5.8226
384,shovel,S2,loading,4.5941
385,shovel,S2,loading,4.8567
386,shovel,S2,loading,5.8748
387,shovel,S2,loading,4.5956
388,shovel,S2,loading,5.5252
389,shovel,S2,loading,5.1483
390,shovel,S2,loading,4.5851
391,shovel,S2,loading,6.0205
392,shovel,S2,loading,5.7372
393,shovel,S2,loading,5.4635
394,shovel,S2,loading,5.4955
395,shovel,S2,loading,4.5255
396,shovel,S2,loading,5.8412
397,shovel,S2,loading,5.3009
398,shovel,S2,loading,5.2658
399,shovel,S2,loading,5.5631
400,shovel,S2,loading,5.2327
401,shovel,S2,loading,5.0469
402,shovel,S2,loading,5.7333
403,shovel,S2,loading,5.1674
404,shovel,S2,loading,4.67
405,shovel,S2,loading,4.4532
406,shovel,S2,loading,5.1735
407,shovel,S2,loading,4.6208
408,shovel,S2,loading,5.338
409,shovel,S2,loading,5.5595
410,shovel,S2,loading,4.9905
411,shovel,S2,loading,5.0364
412,shovel,S2,loading,4.8343
413,shovel,S2,loading,5.7521
414,shovel,S2,loading,5.5
415,shovel,S2,loading,4.9155
416,shovel,S2,loading,5.3599
417,shovel,S2,loading,5.9637
418,shovel,S2,loading,5.3033
419,shovel,S2,loading,6.1286
420,shovel,S2,loading,5.0133
421,shovel,S2,loading,4.8724
422,shovel,S2,loading,5.3019
423,shovel,S2,loading,5.0866
424,shovel,S2,loading,5.0514
425,shovel,S2,loading,4.8855
426,shovel,S2,loading,4.4845
427,shovel,S2,loading,4.7969
428,shovel,S2,loading,5.1372
429,shovel,S2,loading,4.5117
430,shovel,S2,loading,4.7576
431,shovel,S2,loading,4.7997
432,shovel,S2,loading,4.8697
433,shovel,S2,loading,5.7335
434,shovel,S2,loading,4.6456
435,shovel,S2,loading,5.9984
436,shovel,S2,loading,5.4031
437,shovel,S2,loading,5.1328
438,shovel,S2,loading,5.4043
439,shovel,S2,loading,4.4633
440,shovel,S2,loading,5.1216
441,shovel,S2,loading,5.4494
442,shovel,S2,loading,5.252
443,shovel,S2,loading,5.4856
444,shovel,S2,loading,5.1799
445,shovel,S2,loading,5.0654
446,shovel,S2,loading,4.4144
447,shovel,S2,loading,5.0995
448,shovel,S2,loading,4.4694
449,shovel,S2,loading,5.0238
450,shovel,S2,loading,5.6599
451,shovel,S2,loading,6.4049
452,shovel,S2,loading,5.4478
453,shovel,S2,loading,5.8373
454,shovel,S2,loading,5.094
455,shovel,S2,loading,5.3262
456,shovel,S2,loading,4.7635
457,shovel,S2,loading,5.8147
458,shovel,S2,loading,6.1331
459,shovel,S2,loading,4.6399
460,shovel,S2,loading,4.658
461,shovel,S2,loading,4.7443
462,shovel,S2,loading,5.0501
463,shovel,S2,loading,5.6963
464,shovel,S2,loading,5.7239
465,shovel,S2,loading,5.4891
466,shovel,S2,loading,4.4118
467,shovel,S2,loading,4.3965
468,shovel,S2,loading,4.7581
469,shovel,S2,loading,4.9699
470,shovel,S2,loading,5.0681
471,shovel,S2,loading,4.2546
472,shovel,S2,loading,5.6806
473,shovel,S2,loading,5.244
474,shovel,S2,loading,5.0552
475,shovel,S2,loading,5.411
476,shovel,S2,loading,5.619
477,shovel,S2,loading,6.114
478,shovel,S2,loading,4.9486
479,shovel,S2,loading,5.254
480,shovel,S2,loading,4.4688
481,shovel,S2,loading,5.1944
482,shovel,S2,loading,5.3168
483,shovel,S2,loading,5.5231
484,shovel,S2,loading,5.7801
485,shovel,S2,loading,4.8733
486,shovel,S2,loading,5.5138
487,shovel,S2,loading,4.9073
488,shovel,S2,loading,4.8139
489,shovel,S2,loading,4.9278
490,shovel,S2,loading,5.4481
491,shovel,S2,loading,6.006
492,shovel,S2,loading,4.7536
493,shovel,S2,loading,5.5732
494,shovel,S2,loading,4.7096
495,shovel,S2,loading,4.2747
496,shovel,S2,loading,5.4542
497,shovel,S2,loading,5.6494
498,shovel,S2,loading,5.0252
499,shovel,S2,loading,5.5602
500,shovel,S2,loading,4.0972
1,dump,D1,dumping,1.1804
2,dump,D1,dumping,1.0475
3,dump,D1,dumping,1.8717
4,dump,D1,dumping,1.5792
5,dump,D1,dumping,1.2511
6,dump,D1,dumping,0.9948
7,dump,D1,dumping,1.487
8,dump,D1,dumping,1.0921
9,dump,D1,dumping,1.1346
10,dump,D1,dumping,1.0374
11,dump,D1,dumping,1.2679
12,dump,D1,dumping,1.8525
13,dump,D1,dumping,1.2411
14,dump,D1,dumping,1.7863
15,dump,D1,dumping,1.6868
16,dump,D1,dumping,1.1031
17,dump,D1,dumping,1.0691
18,dump,D1,dumping,1.4165
19,dump,D1,dumping,1.1771
20,dump,D1,dumping,1.054
21,dump,D1,dumping,1.1996
22,dump,D1,dumping,1.0023
23,dump,D1,dumping,0.9933
24,dump,D1,dumping,1.4458
25,dump,D1,dumping,1.1411
26,dump,D1,dumping,1.5481
27,dump,D1,dumping,0.9138
28,dump,D1,dumping,1.6353
29,dump,D1,dumping,1.7292
30,dump,D1,dumping,1.2321
31,dump,D1,dumping,1.2684
32,dump,D1,dumping,1.4581
33,dump,D1,dumping,1.1761
34,dump,D1,dumping,1.4258
35,dump,D1,dumping,1.445
36,dump,D1,dumping,1.42
37,dump,D1,dumping,1.2563
38,dump,D1,dumping,1.5833
39,dump,D1,dumping,1.3863
40,dump,D1,dumping,1.3244
41,dump,D1,dumping,1.4207
42,dump,D1,dumping,1.2384
43,dump,D1,dumping,0.8552
44,dump,D1,dumping,1.5134
45,dump,D1,dumping,1.8046
46,dump,D1,dumping,1.5695
47,dump,D1,dumping,0.9199
48,dump,D1,dumping,1.5876
49,dump,D1,dumping,1.4257
50,dump,D1,dumping,1.5404
51,dump,D1,dumping,1.2639
52,dump,D1,dumping,1.161
53,dump,D1,dumping,1.0435
54,dump,D1,dumping,1.1865
55,dump,D1,dumping,0.9242
56,dump,D1,dumping,1.5073
57,dump,D1,dumping,1.2077
58,dump,D1,dumping,1.2051
59,dump,D1,dumping,0.9573
60,dump,D1,dumping,1.0285
61,dump,D1,dumping,1.5041
62,dump,D1,dumping,1.7527
63,dump,D1,dumping,1.1313
64,dump,D1,dumping,1.4354
65,dump,D1,dumping,1.3505
66,dump,D1,dumping,1.0352
67,dump,D1,dumping,1.5205
68,dump,D1,dumping,1.299
69,dump,D1,dumping,0.9934
70,dump,D1,dumping,1.1066
71,dump,D1,dumping,1.3064
72,dump,D1,dumping,1.1361
73,dump,D1,dumping,1.73
74,dump,D1,dumping,1.175
75,dump,D1,dumping,1.2111
76,dump,D1,dumping,1.8809
77,dump,D1,dumping,1.7608
78,dump,D1,dumping,0.9806
79,dump,D1,dumping,0.9841
80,dump,D1,dumping,1.2163
81,dump,D1,dumping,1.9176
82,dump,D1,dumping,1.241
83,dump,D1,dumping,1.2069
84,dump,D1,dumping,1.5588
85,dump,D1,dumping,1.6019
86,dump,D1,dumping,1.1535
87,dump,D1,dumping,1.1928
88,dump,D1,dumping,1.0047
89,dump,D1,dumping,0.9752
90,dump,D1,dumping,1.3822
91,dump,D1,dumping,1.4538
92,dump,D1,dumping,1.2188
93,dump,D1,dumping,1.3377
94,dump,D1,dumping,1.5221
95,dump,D1,dumping,1.0634
96,dump,D1,dumping,1.937
97,dump,D1,dumping,1.6864
98,dump,D1,dumping,1.8182
99,dump,D1,dumping,1.0791
100,dump,D1,dumping,1.1296
101,dump,D1,dumping,1.1942
102,dump,D1,dumping,1.5509
103,dump,D1,dumping,1.2038
104,dump,D1,dumping,1.4272
105,dump,D1,dumping,1.3755
106,dump,D1,dumping,1.5537
107,dump,D1,dumping,1.6169
108,dump,D1,dumping,0.9949
109,dump,D1,dumping,1.793
110,dump,D1,dumping,1.2373
111,dump,D1,dumping,1.2586
112,dump,D1,dumping,1.2819
113,dump,D1,dumping,0.8855
114,dump,D1,dumping,1.1615
115,dump,D1,dumping,1.5288
116,dump,D1,dumping,1.2303
117,dump,D1,dumping,1.7066
118,dump,D1,dumping,1.8321
119,dump,D1,dumping,1.346
120,dump,D1,dumping,1.6558
121,dump,D1,dumping,1.047
122,dump,D1,dumping,1.1496
123,dump,D1,dumping,1.5896
124,dump,D1,dumping,1.259
125,dump,D1,dumping,1.6351
126,dump,D1,dumping,1.8466
127,dump,D1,dumping,1.2571
128,dump,D1,dumping,0.9914
129,dump,D1,dumping,1.3434
130,dump,D1,dumping,1.3254
131,dump,D1,dumping,1.4886
132,dump,D1,dumping,1.22
133,dump,D1,dumping,1.6607
134,dump,D1,dumping,1.2743
135,dump,D1,dumping,1.1046
136,dump,D1,dumping,1.5231
137,dump,D1,dumping,1.4733
138,dump,D1,dumping,1.1378
139,dump,D1,dumping,1.9434
140,dump,D1,dumping,1.312
141,dump,D1,dumping,1.4353
142,dump,D1,dumping,1.2296
143,dump,D1,dumping,1.1589
144,dump,D1,dumping,1.4626
145,dump,D1,dumping,1.4159
146,dump,D1,dumping,1.4916
147,dump,D1,dumping,1.9359
148,dump,D1,dumping,1.4616
149,dump,D1,dumping,1.5928
150,dump,D1,dumping,1.161
151,dump,D1,dumping,1.2294
152,dump,D1,dumping,1.3537
153,dump,D1,dumping,1.4609
154,dump,D1,dumping,1.6115
155,dump,D1,dumping,1.1882
156,dump,D1,dumping,1.6438
157,dump,D1,dumping,1.1817
158,dump,D1,dumping,1.3548
159,dump,D1,dumping,1.181
160,dump,D1,dumping,1.1474
161,dump,D1,dumping,1.3103
162,dump,D1,dumping,1.7478
163,dump,D1,dumping,1.2658
164,dump,D1,dumping,1.1386
165,dump,D1,dumping,1.1775
166,dump,D1,dumping,1.8402
167,dump,D1,dumping,1.5637
168,dump,D1,dumping,1.5116
169,dump,D1,dumping,1.4802
170,dump,D1,dumping,0.9764
171,dump,D1,dumping,1.4343
172,dump,D1,dumping,1.3059
173,dump,D1,dumping,0.9271
174,dump,D1,dumping,1.5786
175,dump,D1,dumping,1.0773
176,dump,D1,dumping,1.5929
177,dump,D1,dumping,1.1868
178,dump,D1,dumping,1.1342
179,dump,D1,dumping,1.0453
180,dump,D1,dumping,1.1085
181,dump,D1,dumping,1.2365
182,dump,D1,dumping,0.9208
183,dump,D1,dumping,1.1573
184,dump,D1,dumping,1.1668
185,dump,D1,dumping,1.7924
186,dump,D1,dumping,1.7494
187,dump,D1,dumping,1.1452
188,dump,D1,dumping,1.1814
189,dump,D1,dumping,1.0784
190,dump,D1,dumping,1.6208
191,dump,D1,dumping,1.2729
192,dump,D1,dumping,1.3317
193,dump,D1,dumping,1.0572
194,dump,D1,dumping,1.5849
195,dump,D1,dumping,1.0319
196,dump,D1,dumping,1.0171
197,dump,D1,dumping,1.2327
198,dump,D1,dumping,1.339
199,dump,D1,dumping,1.7071
200,dump,D1,dumping,1.4147
201,dump,D1,dumping,1.3226
202,dump,D1,dumping,1.4005
203,dump,D1,dumping,1.5484
204,dump,D1,dumping,1.1922
205,dump,D1,dumping,1.4716
206,dump,D1,dumping,1.3007
207,dump,D1,dumping,1.2824
208,dump,D1,dumping,1.2969
209,dump,D1,dumping,1.7806
210,dump,D1,dumping,1.1428
211,dump,D1,dumping,1.2159
212,dump,D1,dumping,1.5056
213,dump,D1,dumping,1.6216
214,dump,D1,dumping,1.7786
215,dump,D1,dumping,1.2783
216,dump,D1,dumping,1.2633
217,dump,D1,dumping,1.0501
218,dump,D1,dumping,1.7741
219,dump,D1,dumping,1.1332
220,dump,D1,dumping,0.9162
221,dump,D1,dumping,1.4873
222,dump,D1,dumping,1.3765
223,dump,D1,dumping,1.2228
224,dump,D1,dumping,1.595
225,dump,D1,dumping,1.4175
226,dump,D1,dumping,0.9393
227,dump,D1,dumping,1.2334
228,dump,D1,dumping,1.6382
229,dump,D1,dumping,1.5141
230,dump,D1,dumping,1.5775
231,dump,D1,dumping,1.5082
232,dump,D1,dumping,1.5964
233,dump,D1,dumping,0.9438
234,dump,D1,dumping,1.0483
235,dump,D1,dumping,1.3375
236,dump,D1,dumping,1.3722
237,dump,D1,dumping,1.2451
238,dump,D1,dumping,1.142
239,dump,D1,dumping,1.3906
240,dump,D1,dumping,1.3309
241,dump,D1,dumping,1.4995
242,dump,D1,dumping,1.2043
243,dump,D1,dumping,1.3167
244,dump,D1,dumping,1.7748
245,dump,D1,dumping,1.2576
246,dump,D1,dumping,1.3281
247,dump,D1,dumping,1.203
248,dump,D1,dumping,0.975
249,dump,D1,dumping,0.9073
250,dump,D1,dumping,1.2126
251,dump,D1,dumping,1.2256
252,dump,D1,dumping,1.3743
253,dump,D1,dumping,1.0878
254,dump,D1,dumping,1.3323
255,dump,D1,dumping,1.4462
256,dump,D1,dumping,1.8027
257,dump,D1,dumping,1.2543
258,dump,D1,dumping,1.5243
259,dump,D1,dumping,1.1315
260,dump,D1,dumping,1.2421
261,dump,D1,dumping,1.143
262,dump,D1,dumping,0.9064
263,dump,D1,dumping,1.5035
264,dump,D1,dumping,1.343
265,dump,D1,dumping,1.1843
266,dump,D1,dumping,1.3372
267,dump,D1,dumping,1.6483
268,dump,D1,dumping,0.9974
269,dump,D1,dumping,1.3048
270,dump,D1,dumping,1.2239
271,dump,D1,dumping,1.1363
272,dump,D1,dumping,1.117
273,dump,D1,dumping,1.5074
274,dump,D1,dumping,1.5404
275,dump,D1,dumping,1.4405
276,dump,D1,dumping,1.1288
277,dump,D1,dumping,1.1095
278,dump,D1,dumping,1.056
279,dump,D1,dumping,1.6329
280,dump,D1,dumping,1.0132
281,dump,D1,dumping,1.3415
282,dump,D1,dumping,1.6013
283,dump,D1,dumping,1.2204
284,dump,D1,dumping,1.5134
285,dump,D1,dumping,1.1367
286,dump,D1,dumping,1.9533
287,dump,D1,dumping,1.3164
288,dump,D1,dumping,1.0252
289,dump,D1,dumping,1.3755
290,dump,D1,dumping,1.7437
291,dump,D1,dumping,1.8006
292,dump,D1,dumping,1.3932
293,dump,D1,dumping,0.8957
294,dump,D1,dumping,1.0567
295,dump,D1,dumping,1.3321
296,dump,D1,dumping,1.1983
297,dump,D1,dumping,1.4399
298,dump,D1,dumping,1.4578
299,dump,D1,dumping,1.1754
300,dump,D1,dumping,1.1375
301,dump,D1,dumping,1.6165
302,dump,D1,dumping,1.6078
303,dump,D1,dumping,1.4947
304,dump,D1,dumping,1.9297
305,dump,D1,dumping,1.4008
306,dump,D1,dumping,1.2022
307,dump,D1,dumping,1.4061
308,dump,D1,dumping,1.1134
309,dump,D1,dumping,1.6081
310,dump,D1,dumping,1.6057
311,dump,D1,dumping,1.6339
312,dump,D1,dumping,0.8728
313,dump,D1,dumping,1.6317
314,dump,D1,dumping,1.8001
315,dump,D1,dumping,0.9117
316,dump,D1,dumping,1.6802
317,dump,D1,dumping,0.997
318,dump,D1,dumping,1.5145
319,dump,D1,dumping,1.2381
320,dump,D1,dumping,1.3009
321,dump,D1,dumping,1.2117
322,dump,D1,dumping,1.0566
323,dump,D1,dumping,1.1644
324,dump,D1,dumping,1.3832
325,dump,D1,dumping,1.1851
326,dump,D1,dumping,1.4793
327,dump,D1,dumping,1.1553
328,dump,D1,dumping,1.1616
329,dump,D1,dumping,1.5507
330,dump,D1,dumping,1.2657
331,dump,D1,dumping,1.4157
332,dump,D1,dumping,1.3137
333,dump,D1,dumping,1.6729
334,dump,D1,dumping,0.8718
335,dump,D1,dumping,1.2856
336,dump,D1,dumping,1.4451
337,dump,D1,dumping,1.5106
338,dump,D1,dumping,1.1998
339,dump,D1,dumping,0.9964
340,dump,D1,dumping,1.0173
341,dump,D1,dumping,1.4936
342,dump,D1,dumping,1.0519
343,dump,D1,dumping,1.5307
344,dump,D1,dumping,1.0208
345,dump,D1,dumping,0.9424
346,dump,D1,dumping,1.3251
347,dump,D1,dumping,1.2793
348,dump,D1,dumping,1.2065
349,dump,D1,dumping,1.4074
350,dump,D1,dumping,1.0177
351,dump,D1,dumping,0.9162
352,dump,D1,dumping,1.0484
353,dump,D1,dumping,1.6189
354,dump,D1,dumping,1.7007
355,dump,D1,dumping,1.7661
356,dump,D1,dumping,1.0635
357,dump,D1,dumping,1.081
358,dump,D1,dumping,1.6998
359,dump,D1,dumping,1.6686
360,dump,D1,dumping,0.9802
361,dump,D1,dumping,1.5332
362,dump,D1,dumping,1.1485
363,dump,D1,dumping,1.3863
364,dump,D1,dumping,1.7316
365,dump,D1,dumping,1.1249
366,dump,D1,dumping,1.3878
367,dump,D1,dumping,1.1267
368,dump,D1,dumping,1.4777
369,dump,D1,dumping,1.5472
370,dump,D1,dumping,1.4885
371,dump,D1,dumping,1.3264
372,dump,D1,dumping,1.7842
373,dump,D1,dumping,0.9026
374,dump,D1,dumping,1.7477
375,dump,D1,dumping,1.672
376,dump,D1,dumping,1.0958
377,dump,D1,dumping,0.8866
378,dump,D1,dumping,1.6408
379,dump,D1,dumping,1.1281
380,dump,D1,dumping,1.2065
381,dump,D1,dumping,1.041
382,dump,D1,dumping,0.9981
383,dump,D1,dumping,1.3732
384,dump,D1,dumping,1.1851
385,dump,D1,dumping,1.527
386,dump,D1,dumping,1.1543
387,dump,D1,dumping,1.1532
388,dump,D1,dumping,1.0203
389,dump,D1,dumping,1.2802
390,dump,D1,dumping,1.2859
391,dump,D1,dumping,0.8947
392,dump,D1,dumping,0.9636
393,dump,D1,dumping,1.1645
394,dump,D1,dumping,1.5607
395,dump,D1,dumping,1.8121
396,dump,D1,dumping,1.3708
397,dump,D1,dumping,0.9641
398,dump,D1,dumping,1.1524
399,dump,D1,dumping,1.1666
400,dump,D1,dumping,1.3644
401,dump,D1,dumping,1.5894
402,dump,D1,dumping,1.5196
403,dump,D1,dumping,1.2296
404,dump,D1,dumping,1.2753
405,dump,D1,dumping,1.5814
406,dump,D1,dumping,1.0145
407,dump,D1,dumping,1.4953
408,dump,D1,dumping,1.1668
409,dump,D1,dumping,0.9341
410,dump,D1,dumping,1.1049
411,dump,D1,dumping,1.2632
412,dump,D1,dumping,1.6236
413,dump,D1,dumping,1.4509
414,dump,D1,dumping,1.7511
415,dump,D1,dumping,1.3427
416,dump,D1,dumping,1.4195
417,dump,D1,dumping,1.9118
418,dump,D1,dumping,1.293
419,dump,D1,dumping,1.4471
420,dump,D1,dumping,1.4699
421,dump,D1,dumping,1.2115
422,dump,D1,dumping,1.7237
423,dump,D1,dumping,1.5034
424,dump,D1,dumping,1.2443
425,dump,D1,dumping,0.9508
426,dump,D1,dumping,0.9969
427,dump,D1,dumping,0.9376
428,dump,D1,dumping,1.2042
429,dump,D1,dumping,1.1447
430,dump,D1,dumping,1.5161
431,dump,D1,dumping,1.7136
432,dump,D1,dumping,1.2339
433,dump,D1,dumping,0.8736
434,dump,D1,dumping,1.5874
435,dump,D1,dumping,1.4116
436,dump,D1,dumping,1.2902
437,dump,D1,dumping,1.2816
438,dump,D1,dumping,1.7565
439,dump,D1,dumping,1.1773
440,dump,D1,dumping,1.2905
441,dump,D1,dumping,1.6721
442,dump,D1,dumping,1.2596
443,dump,D1,dumping,1.1235
444,dump,D1,dumping,1.3258
445,dump,D1,dumping,1.2477
446,dump,D1,dumping,0.9029
447,dump,D1,dumping,1.0991
448,dump,D1,dumping,1.5734
449,dump,D1,dumping,1.9123
450,dump,D1,dumping,1.2213
451,dump,D1,dumping,1.1544
452,dump,D1,dumping,1.8912
453,dump,D1,dumping,1.2402
454,dump,D1,dumping,1.2474
455,dump,D1,dumping,1.1093
456,dump,D1,dumping,0.9479
457,dump,D1,dumping,0.9735
458,dump,D1,dumping,1.3299
459,dump,D1,dumping,1.2473
460,dump,D1,dumping,1.2687
461,dump,D1,dumping,1.5226
462,dump,D1,dumping,1.5057
463,dump,D1,dumping,0.9838
464,dump,D1,dumping,1.3225
465,dump,D1,dumping,1.4359
466,dump,D1,dumping,1.4145
467,dump,D1,dumping,0.9859
468,dump,D1,dumping,1.3695
469,dump,D1,dumping,1.3403
470,dump,D1,dumping,1.0267
471,dump,D1,dumping,1.7619
472,dump,D1,dumping,1.6746
473,dump,D1,dumping,1.056
474,dump,D1,dumping,1.1944
475,dump,D1,dumping,1.0473
476,dump,D1,dumping,1.2949
477,dump,D1,dumping,1.0838
478,dump,D1,dumping,1.1128
479,dump,D1,dumping,1.2271
480,dump,D1,dumping,1.1634
481,dump,D1,dumping,1.1223
482,dump,D1,dumping,1.7707
483,dump,D1,dumping,1.2153
484,dump,D1,dumping,1.4592
485,dump,D1,dumping,1.1097
486,dump,D1,dumping,1.3684
487,dump,D1,dumping,1.142
488,dump,D1,dumping,0.9721
489,dump,D1,dumping,1.4747
490,dump,D1,dumping,1.1287
491,dump,D1,dumping,1.4139
492,dump,D1,dumping,1.2542
493,dump,D1,dumping,1.2666
494,dump,D1,dumping,1.2442
495,dump,D1,dumping,1.3549
496,dump,D1,dumping,1.31
497,dump,D1,dumping,1.5672
498,dump,D1,dumping,0.9702
499,dump,D1,dumping,1.2486
500,dump,D1,dumping,1.7172
1,dump,D2,dumping,1.8394
2,dump,D2,dumping,1.8687
3,dump,D2,dumping,1.3988
4,dump,D2,dumping,1.7503
5,dump,D2,dumping,1.7807
6,dump,D2,dumping,1.4023
7,dump,D2,dumping,1.4277
8,dump,D2,dumping,1.9353
9,dump,D2,dumping,1.9902
10,dump,D2,dumping,1.9422
11,dump,D2,dumping,1.8147
12,dump,D2,dumping,1.3577
13,dump,D2,dumping,1.2264
14,dump,D2,dumping,1.7966
15,dump,D2,dumping,1.7842
16,dump,D2,dumping,1.3026
17,dump,D2,dumping,1.5044
18,dump,D2,dumping,1.4474
19,dump,D2,dumping,1.4065
20,dump,D2,dumping,1.3593
21,dump,D2,dumping,2.0441
22,dump,D2,dumping,1.4523
23,dump,D2,dumping,1.7886
24,dump,D2,dumping,1.4609
25,dump,D2,dumping,1.5567
26,dump,D2,dumping,1.4736
27,dump,D2,dumping,1.6416
28,dump,D2,dumping,1.4957
29,dump,D2,dumping,1.5296
30,dump,D2,dumping,1.515
31,dump,D2,dumping,2.0493
32,dump,D2,dumping,1.5241
33,dump,D2,dumping,1.5004
34,dump,D2,dumping,1.4141
35,dump,D2,dumping,1.7499
36,dump,D2,dumping,1.5412
37,dump,D2,dumping,1.3258
38,dump,D2,dumping,1.7468
39,dump,D2,dumping,1.4404
40,dump,D2,dumping,1.9703
41,dump,D2,dumping,1.531
42,dump,D2,dumping,1.4688
43,dump,D2,dumping,1.8787
44,dump,D2,dumping,1.6884
45,dump,D2,dumping,1.2339
46,dump,D2,dumping,1.1431
47,dump,D2,dumping,1.6862
48,dump,D2,dumping,1.6913
49,dump,D2,dumping,1.8846
50,dump,D2,dumping,2.1001
51,dump,D2,dumping,1.6135
52,dump,D2,dumping,2.1312
53,dump,D2,dumping,1.4909
54,dump,D2,dumping,1.3886
55,dump,D2,dumping,1.3997
56,dump,D2,dumping,1.4925
57,dump,D2,dumping,1.3788
58,dump,D2,dumping,1.5125
59,dump,D2,dumping,1.4422
60,dump,D2,dumping,1.9585
61,dump,D2,dumping,1.3271
62,dump,D2,dumping,1.7723
63,dump,D2,dumping,1.8464
64,dump,D2,dumping,1.8667
65,dump,D2,dumping,1.2039
66,dump,D2,dumping,1.3049
67,dump,D2,dumping,1.7009
68,dump,D2,dumping,1.3023
69,dump,D2,dumping,1.4045
70,dump,D2,dumping,1.9567
71,dump,D2,dumping,1.6197
72,dump,D2,dumping,1.7211
73,dump,D2,dumping,1.2462
74,dump,D2,dumping,1.8158
75,dump,D2,dumping,1.0675
76,dump,D2,dumping,1.6362
77,dump,D2,dumping,1.9581
78,dump,D2,dumping,1.5706
79,dump,D2,dumping,1.3192
80,dump,D2,dumping,1.9842
81,dump,D2,dumping,1.7798
82,dump,D2,dumping,1.8342
83,dump,D2,dumping,1.5214
84,dump,D2,dumping,1.3454
85,dump,D2,dumping,1.202
86,dump,D2,dumping,1.1481
87,dump,D2,dumping,1.0268
88,dump,D2,dumping,1.87
89,dump,D2,dumping,2.007
90,dump,D2,dumping,1.6848
91,dump,D2,dumping,2.1585
92,dump,D2,dumping,1.0233
93,dump,D2,dumping,1.3263
94,dump,D2,dumping,1.7855
95,dump,D2,dumping,2.1521
96,dump,D2,dumping,1.4427
97,dump,D2,dumping,1.5035
98,dump,D2,dumping,1.4451
99,dump,D2,dumping,1.5106
100,dump,D2,dumping,1.7333
101,dump,D2,dumping,1.9981
102,dump,D2,dumping,1.5092
103,dump,D2,dumping,1.4446
104,dump,D2,dumping,1.7469
105,dump,D2,dumping,1.7366
106,dump,D2,dumping,1.9218
107,dump,D2,dumping,1.5218
108,dump,D2,dumping,1.7085
109,dump,D2,dumping,1.6089
110,dump,D2,dumping,1.9859
111,dump,D2,dumping,2.0431
112,dump,D2,dumping,1.4843
113,dump,D2,dumping,1.5276
114,dump,D2,dumping,1.3537
115,dump,D2,dumping,1.5377
116,dump,D2,dumping,1.5115
117,dump,D2,dumping,2.091
118,dump,D2,dumping,1.7969
119,dump,D2,dumping,1.2692
120,dump,D2,dumping,1.9186
121,dump,D2,dumping,2.3008
122,dump,D2,dumping,1.4973
123,dump,D2,dumping,1.9894
124,dump,D2,dumping,1.7339
125,dump,D2,dumping,2.0288
126,dump,D2,dumping,1.597
127,dump,D2,dumping,1.6138
128,dump,D2,dumping,1.7249
129,dump,D2,dumping,1.7538
130,dump,D2,dumping,1.9557
131,dump,D2,dumping,1.7478
132,dump,D2,dumping,2.2232
133,dump,D2,dumping,1.5641
134,dump,D2,dumping,1.7245
135,dump,D2,dumping,1.5653
136,dump,D2,dumping,1.59
137,dump,D2,dumping,1.7618
138,dump,D2,dumping,1.4499
139,dump,D2,dumping,1.8296
140,dump,D2,dumping,1.9682
141,dump,D2,dumping,1.939
142,dump,D2,dumping,1.2775
143,dump,D2,dumping,2.2368
144,dump,D2,dumping,1.7964
145,dump,D2,dumping,1.6078
146,dump,D2,dumping,1.9281
147,dump,D2,dumping,1.3971
148,dump,D2,dumping,1.6179
149,dump,D2,dumping,1.4596
150,dump,D2,dumping,1.661
151,dump,D2,dumping,2.0879
152,dump,D2,dumping,1.5021
153,dump,D2,dumping,1.4474
154,dump,D2,dumping,1.9342
155,dump,D2,dumping,1.5911
156,dump,D2,dumping,1.3375
157,dump,D2,dumping,1.4733
158,dump,D2,dumping,1.4633
159,dump,D2,dumping,2.0243
160,dump,D2,dumping,1.3175
161,dump,D2,dumping,1.9029
162,dump,D2,dumping,2.0151
163,dump,D2,dumping,2.0967
164,dump,D2,dumping,1.7269
165,dump,D2,dumping,1.6109
166,dump,D2,dumping,1.6573
167,dump,D2,dumping,1.5383
168,dump,D2,dumping,1.6661
169,dump,D2,dumping,1.6348
170,dump,D2,dumping,1.3052
171,dump,D2,dumping,1.5102
172,dump,D2,dumping,2.1824
173,dump,D2,dumping,1.4189
174,dump,D2,dumping,1.3365
175,dump,D2,dumping,1.8401
176,dump,D2,dumping,1.8831
177,dump,D2,dumping,2.0593
178,dump,D2,dumping,1.9252
179,dump,D2,dumping,1.6882
180,dump,D2,dumping,1.6432
181,dump,D2,dumping,1.2176
182,dump,D2,dumping,1.2372
183,dump,D2,dumping,2.1726
184,dump,D2,dumping,1.7327
185,dump,D2,dumping,1.5732
186,dump,D2,dumping,1.4641
187,dump,D2,dumping,1.5743
188,dump,D2,dumping,1.508
189,dump,D2,dumping,1.9935
190,dump,D2,dumping,1.5322
191,dump,D2,dumping,1.8127
192,dump,D2,dumping,1.5609
193,dump,D2,dumping,1.552
194,dump,D2,dumping,1.4634
195,dump,D2,dumping,1.5385
196,dump,D2,dumping,1.1546
197,dump,D2,dumping,1.6684
198,dump,D2,dumping,2.2753
199,dump,D2,dumping,1.4806
200,dump,D2,dumping,1.7657
201,dump,D2,dumping,1.6841
202,dump,D2,dumping,1.61
203,dump,D2,dumping,1.8377
204,dump,D2,dumping,1.2814
205,dump,D2,dumping,2.2069
206,dump,D2,dumping,1.9967
207,dump,D2,dumping,1.6076
208,dump,D2,dumping,1.9191
209,dump,D2,dumping,2.2456
210,dump,D2,dumping,1.4773
211,dump,D2,dumping,1.5967
212,dump,D2,dumping,1.7867
213,dump,D2,dumping,1.4892
214,dump,D2,dumping,1.2411
215,dump,D2,dumping,1.9614
216,dump,D2,dumping,1.4471
217,dump,D2,dumping,1.7984
218,dump,D2,dumping,1.35
219,dump,D2,dumping,1.748
220,dump,D2,dumping,2.1341
221,dump,D2,dumping,1.1981
222,dump,D2,dumping,1.5599
223,dump,D2,dumping,1.2224
224,dump,D2,dumping,2.2367
225,dump,D2,dumping,1.8869
226,dump,D2,dumping,2.1415
227,dump,D2,dumping,1.5226
228,dump,D2,dumping,1.301
229,dump,D2,dumping,1.4586
230,dump,D2,dumping,2.0191
231,dump,D2,dumping,2.2598
232,dump,D2,dumping,1.8832
233,dump,D2,dumping,1.5165
234,dump,D2,dumping,1.4759
235,dump,D2,dumping,1.4674
236,dump,D2,dumping,1.5581
237,dump,D2,dumping,1.4123
238,dump,D2,dumping,1.7528
239,dump,D2,dumping,1.74
240,dump,D2,dumping,1.807
241,dump,D2,dumping,1.3821
242,dump,D2,dumping,1.744
243,dump,D2,dumping,1.4888
244,dump,D2,dumping,2.2962
245,dump,D2,dumping,2.0774
246,dump,D2,dumping,1.1099
247,dump,D2,dumping,1.9744
248,dump,D2,dumping,1.4197
249,dump,D2,dumping,1.5093
250,dump,D2,dumping,1.3483
251,dump,D2,dumping,1.5959
252,dump,D2,dumping,1.4919
253,dump,D2,dumping,1.2675
254,dump,D2,dumping,1.9056
255,dump,D2,dumping,2.2569
256,dump,D2,dumping,1.6799
257,dump,D2,dumping,1.9094
258,dump,D2,dumping,2.3431
259,dump,D2,dumping,1.4286
260,dump,D2,dumping,1.5361
261,dump,D2,dumping,1.403
262,dump,D2,dumping,1.7548
263,dump,D2,dumping,1.2265
264,dump,D2,dumping,1.2358
265,dump,D2,dumping,1.6209
266,dump,D2,dumping,2.1701
267,dump,D2,dumping,1.4523
268,dump,D2,dumping,1.5895
269,dump,D2,dumping,1.63
270,dump,D2,dumping,1.25
271,dump,D2,dumping,1.4614
272,dump,D2,dumping,1.4766
273,dump,D2,dumping,2.2798
274,dump,D2,dumping,1.4349
275,dump,D2,dumping,1.6184
276,dump,D2,dumping,1.7019
277,dump,D2,dumping,1.9427
278,dump,D2,dumping,2.1838
279,dump,D2,dumping,1.3142
280,dump,D2,dumping,2.3484
281,dump,D2,dumping,1.7781
282,dump,D2,dumping,1.4821
283,dump,D2,dumping,1.188
284,dump,D2,dumping,1.5066
285,dump,D2,dumping,1.0817
286,dump,D2,dumping,1.48
287,dump,D2,dumping,1.4161
288,dump,D2,dumping,1.4154
289,dump,D2,dumping,1.4928
290,dump,D2,dumping,1.5636
291,dump,D2,dumping,1.532
292,dump,D2,dumping,1.6769
293,dump,D2,dumping,1.2818
294,dump,D2,dumping,1.7753
295,dump,D2,dumping,1.984
296,dump,D2,dumping,1.452
297,dump,D2,dumping,1.4109
298,dump,D2,dumping,1.452
299,dump,D2,dumping,2.0911
300,dump,D2,dumping,1.4892
301,dump,D2,dumping,1.6828
302,dump,D2,dumping,1.7357
303,dump,D2,dumping,2.3581
304,dump,D2,dumping,1.5886
305,dump,D2,dumping,1.5868
306,dump,D2,dumping,2.2773
307,dump,D2,dumping,1.5359
308,dump,D2,dumping,1.5703
309,dump,D2,dumping,1.4284
310,dump,D2,dumping,1.703
311,dump,D2,dumping,1.4534
312,dump,D2,dumping,1.3443
313,dump,D2,dumping,1.9015
314,dump,D2,dumping,1.7639
315,dump,D2,dumping,1.602
316,dump,D2,dumping,1.5614
317,dump,D2,dumping,1.583
318,dump,D2,dumping,1.7633
319,dump,D2,dumping,2.0175
320,dump,D2,dumping,1.3989
321,dump,D2,dumping,1.673
322,dump,D2,dumping,1.5981
323,dump,D2,dumping,1.385
324,dump,D2,dumping,1.9251
325,dump,D2,dumping,1.299
326,dump,D2,dumping,1.4264
327,dump,D2,dumping,1.808
328,dump,D2,dumping,1.4428
329,dump,D2,dumping,1.13
330,dump,D2,dumping,1.6645
331,dump,D2,dumping,1.994
332,dump,D2,dumping,1.3628
333,dump,D2,dumping,1.9523
334,dump,D2,dumping,1.2185
335,dump,D2,dumping,1.6371
336,dump,D2,dumping,1.4509
337,dump,D2,dumping,2.0798
338,dump,D2,dumping,1.3251
339,dump,D2,dumping,1.5042
340,dump,D2,dumping,1.5995
341,dump,D2,dumping,1.8314
342,dump,D2,dumping,2.1967
343,dump,D2,dumping,1.4628
344,dump,D2,dumping,1.7689
345,dump,D2,dumping,1.4438
346,dump,D2,dumping,1.7373
347,dump,D2,dumping,1.7518
348,dump,D2,dumping,1.6384
349,dump,D2,dumping,1.7841
350,dump,D2,dumping,1.29
351,dump,D2,dumping,1.6245
352,dump,D2,dumping,1.1596
353,dump,D2,dumping,1.5394
354,dump,D2,dumping,1.8971
355,dump,D2,dumping,1.1104
356,dump,D2,dumping,1.9661
357,dump,D2,dumping,1.9254
358,dump,D2,dumping,1.5377
359,dump,D2,dumping,1.549
360,dump,D2,dumping,1.6034
361,dump,D2,dumping,2.1098
362,dump,D2,dumping,1.8327
363,dump,D2,dumping,1.6886
364,dump,D2,dumping,1.8202
365,dump,D2,dumping,1.5817
366,dump,D2,dumping,1.3708
367,dump,D2,dumping,1.6805
368,dump,D2,dumping,1.7005
369,dump,D2,dumping,1.7848
370,dump,D2,dumping,1.2025
371,dump,D2,dumping,1.4957
372,dump,D2,dumping,1.9212
373,dump,D2,dumping,1.8238
374,dump,D2,dumping,1.5645
375,dump,D2,dumping,1.8791
376,dump,D2,dumping,1.5454
377,dump,D2,dumping,1.9848
378,dump,D2,dumping,1.8964
379,dump,D2,dumping,2.0576
380,dump,D2,dumping,1.3298
381,dump,D2,dumping,1.5735
382,dump,D2,dumping,1.8677
383,dump,D2,dumping,1.3229
384,dump,D2,dumping,2.1927
385,dump,D2,dumping,1.4778
386,dump,D2,dumping,1.1384
387,dump,D2,dumping,2.2088
388,dump,D2,dumping,1.1991
389,dump,D2,dumping,1.5975
390,dump,D2,dumping,1.9501
391,dump,D2,dumping,1.2336
392,dump,D2,dumping,1.784
393,dump,D2,dumping,1.5663
394,dump,D2,dumping,1.3394
395,dump,D2,dumping,2.3663
396,dump,D2,dumping,1.9966
397,dump,D2,dumping,1.44
398,dump,D2,dumping,1.4529
399,dump,D2,dumping,1.5953
400,dump,D2,dumping,1.4244
401,dump,D2,dumping,1.6352
402,dump,D2,dumping,1.6682
403,dump,D2,dumping,1.146
404,dump,D2,dumping,1.5933
405,dump,D2,dumping,1.5131
406,dump,D2,dumping,1.597
407,dump,D2,dumping,2.1667
408,dump,D2,dumping,2.1629
409,dump,D2,dumping,1.395
410,dump,D2,dumping,1.3844
411,dump,D2,dumping,1.1949
412,dump,D2,dumping,1.6794
413,dump,D2,dumping,1.3735
414,dump,D2,dumping,1.6831
415,dump,D2,dumping,1.9633
416,dump,D2,dumping,1.2639
417,dump,D2,dumping,1.7509
418,dump,D2,dumping,1.8442
419,dump,D2,dumping,2.2734
420,dump,D2,dumping,2.0213
421,dump,D2,dumping,1.0154
422,dump,D2,dumping,2.2985
423,dump,D2,dumping,1.9733
424,dump,D2,dumping,1.4655
425,dump,D2,dumping,1.3725
426,dump,D2,dumping,1.4671
427,dump,D2,dumping,1.4423
428,dump,D2,dumping,1.8244
429,dump,D2,dumping,1.9064
430,dump,D2,dumping,1.7927
431,dump,D2,dumping,1.692
432,dump,D2,dumping,1.288
433,dump,D2,dumping,2.1279
434,dump,D2,dumping,2.0892
435,dump,D2,dumping,1.6251
436,dump,D2,dumping,1.5287
437,dump,D2,dumping,1.3743
438,dump,D2,dumping,2.3706
439,dump,D2,dumping,1.6784
440,dump,D2,dumping,1.3058
441,dump,D2,dumping,1.6277
442,dump,D2,dumping,1.2784
443,dump,D2,dumping,1.9704
444,dump,D2,dumping,1.5116
445,dump,D2,dumping,1.2959
446,dump,D2,dumping,1.5453
447,dump,D2,dumping,1.6807
448,dump,D2,dumping,1.2275
449,dump,D2,dumping,1.4894
450,dump,D2,dumping,1.8068
451,dump,D2,dumping,1.789
452,dump,D2,dumping,1.484
453,dump,D2,dumping,1.5882
454,dump,D2,dumping,1.6578
455,dump,D2,dumping,1.7025
456,dump,D2,dumping,1.9832
457,dump,D2,dumping,1.5749
458,dump,D2,dumping,1.4917
459,dump,D2,dumping,1.2039
460,dump,D2,dumping,1.4601
461,dump,D2,dumping,1.5926
462,dump,D2,dumping,1.3021
463,dump,D2,dumping,1.7475
464,dump,D2,dumping,1.7425
465,dump,D2,dumping,2.2147
466,dump,D2,dumping,1.7062
467,dump,D2,dumping,1.6713
468,dump,D2,dumping,1.6722
469,dump,D2,dumping,1.6071
470,dump,D2,dumping,1.5016
471,dump,D2,dumping,1.2775
472,dump,D2,dumping,2.2269
473,dump,D2,dumping,1.904
474,dump,D2,dumping,1.7517
475,dump,D2,dumping,1.4807
476,dump,D2,dumping,1.7606
477,dump,D2,dumping,1.82
478,dump,D2,dumping,1.4868
479,dump,D2,dumping,1.2927
480,dump,D2,dumping,2.0947
481,dump,D2,dumping,1.9274
482,dump,D2,dumping,1.5496
483,dump,D2,dumping,1.4482
484,dump,D2,dumping,1.9667
485,dump,D2,dumping,2.0857
486,dump,D2,dumping,1.3989
487,dump,D2,dumping,1.9471
488,dump,D2,dumping,1.4742
489,dump,D2,dumping,1.442
490,dump,D2,dumping,1.7407
491,dump,D2,dumping,1.3422
492,dump,D2,dumping,1.4556
493,dump,D2,dumping,1.0618
494,dump,D2,dumping,1.5139
495,dump,D2,dumping,1.6998
496,dump,D2,dumping,1.9786
497,dump,D2,dumping,1.3773
498,dump,D2,dumping,1.2557
499,dump,D2,dumping,1.7138
500,dump,D2,dumping,1.6264
