sample_id,origin,destination,load_state,travel_minutes
1,D1,S1,empty,4.86
2,D1,S1,empty,4.3504
3,D1,S1,empty,4.8531
4,D1,S1,empty,4.3005
5,D1,S1,empty,5.087
6,D1,S1,empty,5.5317
7,D1,S1,empty,4.577
8,D1,S1,empty,4.8176
9,D1,S1,empty,5.439
10,D1,S1,empty,4.3525
11,D1,S1,empty,5.2413
12,D1,S1,empty,5.1183
13,D1,S1,empty,5.4627
14,D1,S1,empty,4.929
15,D1,S1,empty,4.9574
16,D1,S1,empty,4.9291
17,D1,S1,empty,4.8944
18,D1,S1,empty,5.1395
19,D1,S1,empty,4.8414
20,D1,S1,empty,5.1642
21,D1,S1,empty,4.6451
22,D1,S1,empty,5.0068
23,D1,S1,empty,5.0724
24,D1,S1,empty,5.0077
25,D1,S1,empty,4.8602
26,D1,S1,empty,4.8722
27,D1,S1,empty,4.8727
28,D1,S1,empty,5.3223
29,D1,S1,empty,4.9004
30,D1,S1,empty,5.314
31,D1,S1,empty,5.0493
32,D1,S1,empty,4.7449
33,D1,S1,empty,4.3574
34,D1,S1,empty,4.9251
35,D1,S1,empty,4.6419
36,D1,S1,empty,5.0006
37,D1,S1,empty,4.8853
38,D1,S1,empty,4.6664
39,D1,S1,empty,4.9987
40,D1,S1,empty,5.4466
41,D1,S1,empty,4.4823
42,D1,S1,empty,4.6159
43,D1,S1,empty,4.9757
44,D1,S1,empty,5.4429
45,D1,S1,empty,5.1052
46,D1,S1,empty,5.1578
47,D1,S1,empty,5.0144
48,D1,S1,empty,5.2894
49,D1,S1,empty,4.7998
50,D1,S1,empty,5.384
51,D1,S1,empty,4.6695
52,D1,S1,empty,4.8184
53,D1,S1,empty,5.1923
54,D1,S1,empty,4.5859
55,D1,S1,empty,5.2286
56,D1,S1,empty,5.3824
57,D1,S1,empty,5.223
58,D1,S1,empty,5.2268
59,D1,S1,empty,5.3179
60,D1,S1,empty,5.0913
61,D1,S1,empty,5.3003
62,D1,S1,empty,5.0346
63,D1,S1,empty,4.8867
64,D1,S1,empty,4.4235
65,D1,S1,empty,4.7887
66,D1,S1,empty,4.4506
67,D1,S1,empty,4.582
68,D1,S1,empty,4.6065
69,D1,S1,empty,4.4501
70,D1,S1,empty,4.4372
71,D1,S1,empty,5.0377
72,D1,S1,empty,5.154
73,D1,S1,empty,5.1304
74,D1,S1,empty,4.6887
75,D1,S1,empty,4.631
76,D1,S1,empty,4.7395
77,D1,S1,empty,4.548
78,D1,S1,empty,4.6667
79,D1,S1,empty,5.1712
80,D1,S1,empty,5.1242
81,D1,S1,empty,5.2847
82,D1,S1,empty,5.0677
83,D1,S1,empty,4.5295
84,D1,S1,empty,4.9961
85,D1,S1,empty,4.8319
86,D1,S1,empty,5.1557
87,D1,S1,empty,4.7468
88,D1,S1,empty,4.4348
89,D1,S1,empty,5.2042
90,D1,S1,empty,5.1121
91,D1,S1,empty,5.312
92,D1,S1,empty,4.9469
93,D1,S1,empty,4.867
94,D1,S1,empty,5.2155
95,D1,S1,empty,4.6968
96,D1,S1,empty,4.8468
97,D1,S1,empty,5.2342
98,D1,S1,empty,4.8953
99,D1,S1,empty,4.5604
100,D1,S1,empty,4.9274
101,D1,S1,empty,4.7993
102,D1,S1,empty,5.3564
103,D1,S1,empty,5.0214
104,D1,S1,empty,4.9414
105,D1,S1,empty,4.9395
106,D1,S1,empty,4.8838
107,D1,S1,empty,4.86
108,D1,S1,empty,5.2402
109,D1,S1,empty,4.4846
110,D1,S1,empty,4.8731
111,D1,S1,empty,4.731
112,D1,S1,empty,5.2027
113,D1,S1,empty,4.5689
114,D1,S1,empty,4.6444
115,D1,S1,empty,4.6123
116,D1,S1,empty,4.7961
117,D1,S1,empty,4.836
118,D1,S1,empty,4.8952
119,D1,S1,empty,4.9645
120,D1,S1,empty,4.8778
121,D1,S1,empty,4.5107
122,D1,S1,empty,4.4928
123,D1,S1,empty,4.98
124,D1,S1,empty,4.8315
125,D1,S1,empty,4.4032
126,D1,S1,empty,4.7012
127,D1,S1,empty,5.1585
128,D1,S1,empty,5.1394
129,D1,S1,empty,4.6189
130,D1,S1,empty,4.7351
131,D1,S1,empty,4.779
132,D1,S1,empty,5.0354
133,D1,S1,empty,4.4107
134,D1,S1,empty,4.4722
135,D1,S1,empty,4.7439
136,D1,S1,empty,5.0221
137,D1,S1,empty,5.0472
138,D1,S1,empty,5.1943
139,D1,S1,empty,4.7319
140,D1,S1,empty,5.5184
141,D1,S1,empty,5.3272
142,D1,S1,empty,4.8623
143,D1,S1,empty,4.7809
144,D1,S1,empty,4.372
145,D1,S1,empty,4.5702
146,D1,S1,empty,5.1154
147,D1,S1,empty,5.1362
148,D1,S1,empty,4.615
149,D1,S1,empty,4.8738
150,D1,S1,empty,4.631
151,D1,S1,empty,5.3343
152,D1,S1,empty,4.7213
153,D1,S1,empty,4.7508
154,D1,S1,empty,5.5812
155,D1,S1,empty,4.8386
156,D1,S1,empty,4.3922
157,D1,S1,empty,4.7426
158,D1,S1,empty,4.5274
159,D1,S1,empty,4.4924
160,D1,S1,empty,5.2967
161,D1,S1,empty,4.8314
162,D1,S1,empty,5.034
163,D1,S1,empty,5.4278
164,D1,S1,empty,4.8789
165,D1,S1,empty,5.2376
166,D1,S1,empty,5.3525
167,D1,S1,empty,4.5889
168,D1,S1,empty,4.3829
169,D1,S1,empty,5.1859
170,D1,S1,empty,5.5406
171,D1,S1,empty,5.1689
172,D1,S1,empty,5.0403
173,D1,S1,empty,5.3082
174,D1,S1,empty,5.0435
175,D1,S1,empty,5.5323
176,D1,S1,empty,4.903
177,D1,S1,empty,4.7038
178,D1,S1,empty,4.8617
179,D1,S1,empty,4.9248
180,D1,S1,empty,5.0857
181,D1,S1,empty,4.9431
182,D1,S1,empty,4.7543
183,D1,S1,empty,4.6491
184,D1,S1,empty,4.7531
185,D1,S1,empty,5.0288
186,D1,S1,empty,4.771
187,D1,S1,empty,4.844
188,D1,S1,empty,4.3955
189,D1,S1,empty,4.4912
190,D1,S1,empty,4.8975
191,D1,S1,empty,4.9767
192,D1,S1,empty,4.3872
193,D1,S1,empty,4.4337
194,D1,S1,empty,5.1503
195,D1,S1,empty,4.8445
196,D1,S1,empty,4.9555
197,D1,S1,empty,4.9252
198,D1,S1,empty,4.972
199,D1,S1,empty,5.1603
200,D1,S1,empty,5.4812
201,D1,S1,empty,4.5746
202,D1,S1,empty,4.8322
203,D1,S1,empty,5.3682
204,D1,S1,empty,5.2228
205,D1,S1,empty,4.6554
206,D1,S1,empty,5.1298
207,D1,S1,empty,4.8546
208,D1,S1,empty,5.0871
209,D1,S1,empty,5.0237
210,D1,S1,empty,5.2496
211,D1,S1,empty,4.599
212,D1,S1,empty,4.5604
213,D1,S1,empty,4.8914
214,D1,S1,empty,4.7833
215,D1,S1,empty,4.4089
216,D1,S1,empty,5.1136
217,D1,S1,empty,5.4065
218,D1,S1,empty,4.9189
219,D1,S1,empty,4.8236
220,D1,S1,empty,4.7939
221,D1,S1,empty,4.8945
222,D1,S1,empty,4.4412
223,D1,S1,empty,5.2574
224,D1,S1,empty,4.9686
225,D1,S1,empty,4.7435
226,D1,S1,empty,4.8082
227,D1,S1,empty,4.5139
228,D1,S1,empty,5.4234
229,D1,S1,empty,4.4121
230,D1,S1,empty,5.3483
231,D1,S1,empty,4.5299
232,D1,S1,empty,5.0483
233,D1,S1,empty,4.3741
234,D1,S1,empty,5.1046
235,D1,S1,empty,5.0104
236,D1,S1,empty,4.3967
237,D1,S1,empty,5.0937
238,D1,S1,empty,5.0443
239,D1,S1,empty,4.8574
240,D1,S1,empty,4.5436
241,D1,S1,empty,4.9254
242,D1,S1,empty,5.259
243,D1,S1,empty,4.5239
244,D1,S1,empty,4.7588
245,D1,S1,empty,4.5551
246,D1,S1,empty,5.1876
247,D1,S1,empty,4.7734
248,D1,S1,empty,4.4201
249,D1,S1,empty,4.9983
250,D1,S1,empty,5.2523
251,D1,S1,empty,5.5836
252,D1,S1,empty,5.4833
253,D1,S1,empty,5.3237
254,D1,S1,empty,5.0736
255,D1,S1,empty,5.5533
256,D1,S1,empty,4.8063
257,D1,S1,empty,4.5541
258,D1,S1,empty,5.3972
259,D1,S1,empty,5.2795
260,D1,S1,empty,4.7289
261,D1,S1,empty,4.7068
262,D1,S1,empty,4.5323
263,D1,S1,empty,4.5143
264,D1,S1,empty,4.3326
265,D1,S1,empty,4.6809
266,D1,S1,empty,5.1185
267,D1,S1,empty,5.2227
268,D1,S1,empty,4.8912
269,D1,S1,empty,4.6846
270,D1,S1,empty,4.4689
271,D1,S1,empty,4.5539
272,D1,S1,empty,4.9822
273,D1,S1,empty,4.9737
274,D1,S1,empty,4.8714
275,D1,S1,empty,5.3493
276,D1,S1,empty,4.6164
277,D1,S1,empty,5.1911
278,D1,S1,empty,5.1298
279,D1,S1,empty,5.2369
280,D1,S1,empty,4.6493
281,D1,S1,empty,4.2843
282,D1,S1,empty,4.7396
283,D1,S1,empty,4.7896
284,D1,S1,empty,4.6624
285,D1,S1,empty,4.5665
286,D1,S1,empty,4.8191
287,D1,S1,empty,4.5831
288,D1,S1,empty,5.0624
289,D1,S1,empty,4.3855
290,D1,S1,empty,5.2405
291,D1,S1,empty,5.534
292,D1,S1,empty,4.3922
293,D1,S1,empty,4.8726
294,D1,S1,empty,4.962
295,D1,S1,empty,5.2579
296,D1,S1,empty,4.8053
297,D1,S1,empty,4.8653
298,D1,S1,empty,4.4464
299,D1,S1,empty,5.6012
300,D1,S1,empty,5.0661
301,D1,S1,empty,4.5134
302,D1,S1,empty,4.9641
303,D1,S1,empty,4.774
304,D1,S1,empty,5.2395
305,D1,S1,empty,5.2739
306,D1,S1,empty,5.4194
307,D1,S1,empty,5.3848
308,D1,S1,empty,5.0422
309,D1,S1,empty,4.4064
310,D1,S1,empty,4.5273
311,D1,S1,empty,4.5078
312,D1,S1,empty,4.889
313,D1,S1,empty,4.7998
314,D1,S1,empty,5.2203
315,D1,S1,empty,4.6199
316,D1,S1,empty,4.9985
317,D1,S1,empty,5.2827
318,D1,S1,empty,4.9234
319,D1,S1,empty,4.8419
320,D1,S1,empty,4.9297
321,D1,S1,empty,5.1268
322,D1,S1,empty,4.5477
323,D1,S1,empty,5.0439
324,D1,S1,empty,5.0035
325,D1,S1,empty,4.7411
326,D1,S1,empty,4.8222
327,D1,S1,empty,4.7431
328,D1,S1,empty,4.6979
329,D1,S1,empty,5.4055
330,D1,S1,empty,4.8793
331,D1,S1,empty,4.4465
332,D1,S1,empty,4.6513
333,D1,S1,empty,4.7928
334,D1,S1,empty,4.7908
335,D1,S1,empty,5.1316
336,D1,S1,empty,5.296
337,D1,S1,empty,4.6338
338,D1,S1,empty,4.8495
339,D1,S1,empty,4.771
340,D1,S1,empty,4.5337
341,D1,S1,empty,4.7038
342,D1,S1,empty,5.1328
343,D1,S1,empty,5.2239
344,D1,S1,empty,5.1368
345,D1,S1,empty,5.0273
346,D1,S1,empty,4.7255
347,D1,S1,empty,4.5447
348,D1,S1,empty,5.4037
349,D1,S1,empty,4.7672
350,D1,S1,empty,5.0724
351,D1,S1,empty,5.2183
352,D1,S1,empty,4.9524
353,D1,S1,empty,4.6429
354,D1,S1,empty,5.0974
355,D1,S1,empty,4.6588
356,D1,S1,empty,4.823
357,D1,S1,empty,4.9226
358,D1,S1,empty,4.9378
359,D1,S1,empty,4.7166
360,D1,S1,empty,5.1047
361,D1,S1,empty,4.6321
362,D1,S1,empty,4.6833
363,D1,S1,empty,4.6191
364,D1,S1,empty,4.7572
365,D1,S1,empty,4.6453
366,D1,S1,empty,4.981
367,D1,S1,empty,5.3034
368,D1,S1,empty,4.2969
369,D1,S1,empty,5.131
370,D1,S1,empty,5.4773
371,D1,S1,empty,5.0057
372,D1,S1,empty,4.5263
373,D1,S1,empty,4.4539
374,D1,S1,empty,4.5167
375,D1,S1,empty,5.1217
376,D1,S1,empty,4.7802
377,D1,S1,empty,4.6635
378,D1,S1,empty,4.4831
379,D1,S1,empty,5.0152
380,D1,S1,empty,4.6792
381,D1,S1,empty,4.5171
382,D1,S1,empty,5.1494
383,D1,S1,empty,4.5688
384,D1,S1,empty,4.3423
385,D1,S1,empty,5.3974
386,D1,S1,empty,4.996
387,D1,S1,empty,5.0507
388,D1,S1,empty,4.627
389,D1,S1,empty,4.5658
390,D1,S1,empty,4.8591
391,D1,S1,empty,4.8482
392,D1,S1,empty,5.0047
393,D1,S1,empty,4.593
394,D1,S1,empty,4.9006
395,D1,S1,empty,5.1915
396,D1,S1,empty,5.0767
397,D1,S1,empty,4.3111
398,D1,S1,empty,4.9772
399,D1,S1,empty,4.9705
400,D1,S1,empty,4.4504
401,D1,S1,empty,4.8378
402,D1,S1,empty,4.772
403,D1,S1,empty,5.1477
404,D1,S1,empty,4.9581
405,D1,S1,empty,4.6224
406,D1,S1,empty,4.7757
407,D1,S1,empty,4.8045
408,D1,S1,empty,4.746
409,D1,S1,empty,5.0671
410,D1,S1,empty,5.2484
411,D1,S1,empty,5.1029
412,D1,S1,empty,4.6919
413,D1,S1,empty,4.3298
414,D1,S1,empty,5.0133
415,D1,S1,empty,5.3124
416,D1,S1,empty,5.5835
417,D1,S1,empty,4.9121
418,D1,S1,empty,5.0949
419,D1,S1,empty,4.4166
420,D1,S1,empty,4.8136
421,D1,S1,empty,4.9631
422,D1,S1,empty,5.3521
423,D1,S1,empty,5.0464
424,D1,S1,empty,4.7528
425,D1,S1,empty,5.1765
426,D1,S1,empty,4.6708
427,D1,S1,empty,4.8018
428,D1,S1,empty,4.8531
429,D1,S1,empty,4.7085
430,D1,S1,empty,5.0311
431,D1,S1,empty,5.2741
432,D1,S1,empty,4.6737
433,D1,S1,empty,5.158
434,D1,S1,empty,4.7192
435,D1,S1,empty,5.1264
436,D1,S1,empty,4.5486
437,D1,S1,empty,5.3503
438,D1,S1,empty,4.8707
439,D1,S1,empty,5.3557
440,D1,S1,empty,4.7597
441,D1,S1,empty,5.1741
442,D1,S1,empty,4.4201
443,D1,S1,empty,4.511
444,D1,S1,empty,4.5227
445,D1,S1,empty,5.3113
446,D1,S1,empty,4.9197
447,D1,S1,empty,4.5981
448,D1,S1,empty,5.4621
449,D1,S1,empty,4.3533
450,D1,S1,empty,5.1449
451,D1,S1,empty,5.3161
452,D1,S1,empty,4.615
453,D1,S1,empty,5.2718
454,D1,S1,empty,5.1904
455,D1,S1,empty,4.3659
456,D1,S1,empty,4.8885
457,D1,S1,empty,5.0968
458,D1,S1,empty,4.9155
459,D1,S1,empty,4.4761
460,D1,S1,empty,4.6712
461,D1,S1,empty,4.6268
462,D1,S1,empty,5.1666
463,D1,S1,empty,5.4222
464,D1,S1,empty,4.8504
465,D1,S1,empty,4.5789
466,D1,S1,empty,4.836
467,D1,S1,empty,5.1988
468,D1,S1,empty,4.8989
469,D1,S1,empty,4.3338
470,D1,S1,empty,5.0875
471,D1,S1,empty,4.7992
472,D1,S1,empty,5.2823
473,D1,S1,empty,4.3817
474,D1,S1,empty,5.4268
475,D1,S1,empty,4.9441
476,D1,S1,empty,4.8764
477,D1,S1,empty,4.4516
478,D1,S1,empty,4.5685
479,D1,S1,empty,5.1561
480,D1,S1,empty,4.309
481,D1,S1,empty,5.3622
482,D1,S1,empty,5.0912
483,D1,S1,empty,5.3126
484,D1,S1,empty,5.0295
485,D1,S1,empty,4.8687
486,D1,S1,empty,4.8373
487,D1,S1,empty,4.5683
488,D1,S1,empty,5.1355
489,D1,S1,empty,4.8305
490,D1,S1,empty,4.6841
491,D1,S1,empty,5.1626
492,D1,S1,empty,4.7744
493,D1,S1,empty,4.8175
494,D1,S1,empty,4.7119
495,D1,S1,empty,4.8366
496,D1,S1,empty,4.4625
497,D1,S1,empty,4.634
498,D1,S1,empty,5.2931
499,D1,S1,empty,4.8779
500,D1,S1,empty,4.8963
1,D1,S2,empty,7.0126
2,D1,S2,empty,6.7717
3,D1,S2,empty,6.6176
4,D1,S2,empty,6.3817
5,D1,S2,empty,7.3518
6,D1,S2,empty,6.4517
7,D1,S2,empty,6.7021
8,D1,S2,empty,6.3549
9,D1,S2,empty,6.7316
10,D1,S2,empty,6.8439
11,D1,S2,empty,6.8555
12,D1,S2,empty,6.3043
13,D1,S2,empty,6.4413
14,D1,S2,empty,6.5421
15,D1,S2,empty,6.939
16,D1,S2,empty,6.3962
17,D1,S2,empty,7.045
18,D1,S2,empty,6.9573
19,D1,S2,empty,6.5543
20,D1,S2,empty,7.0582
21,D1,S2,empty,5.9633
22,D1,S2,empty,6.4522
23,D1,S2,empty,6.4559
24,D1,S2,empty,6.6133
25,D1,S2,empty,6.5578
26,D1,S2,empty,6.923
27,D1,S2,empty,6.9248
28,D1,S2,empty,6.5705
29,D1,S2,empty,7.211
30,D1,S2,empty,6.6329
31,D1,S2,empty,7.1186
32,D1,S2,empty,7.2866
33,D1,S2,empty,5.9357
34,D1,S2,empty,6.8672
35,D1,S2,empty,6.2637
36,D1,S2,empty,7.0687
37,D1,S2,empty,6.651
38,D1,S2,empty,7.1721
39,D1,S2,empty,6.4518
40,D1,S2,empty,6.2519
41,D1,S2,empty,6.5137
42,D1,S2,empty,6.0491
43,D1,S2,empty,6.2509
44,D1,S2,empty,6.4489
45,D1,S2,empty,6.9409
46,D1,S2,empty,7.1646
47,D1,S2,empty,7.6018
48,D1,S2,empty,6.7568
49,D1,S2,empty,6.786
50,D1,S2,empty,7.2189
51,D1,S2,empty,6.3958
52,D1,S2,empty,6.8248
53,D1,S2,empty,7.2174
54,D1,S2,empty,6.8591
55,D1,S2,empty,7.5335
56,D1,S2,empty,7.395
57,D1,S2,empty,7.551
58,D1,S2,empty,7.1312
59,D1,S2,empty,7.18
60,D1,S2,empty,7.6911
61,D1,S2,empty,6.4684
62,D1,S2,empty,6.6046
63,D1,S2,empty,6.6308
64,D1,S2,empty,6.2225
65,D1,S2,empty,6.768
66,D1,S2,empty,6.299
67,D1,S2,empty,6.9743
68,D1,S2,empty,7.3283
69,D1,S2,empty,6.5447
70,D1,S2,empty,7.194
71,D1,S2,empty,6.7269
72,D1,S2,empty,6.3536
73,D1,S2,empty,6.9974
74,D1,S2,empty,6.9055
75,D1,S2,empty,6.9516
76,D1,S2,empty,6.9926
77,D1,S2,empty,6.7979
78,D1,S2,empty,6.5602
79,D1,S2,empty,6.8707
80,D1,S2,empty,7.1199
81,D1,S2,empty,6.6303
82,D1,S2,empty,6.0509
83,D1,S2,empty,6.7609
84,D1,S2,empty,7.3877
85,D1,S2,empty,6.665
86,D1,S2,empty,6.4758
87,D1,S2,empty,7.107
88,D1,S2,empty,7.0092
89,D1,S2,empty,7.8154
90,D1,S2,empty,7.6073
91,D1,S2,empty,6.7839
92,D1,S2,empty,7.1892
93,D1,S2,empty,6.2856
94,D1,S2,empty,7.496
95,D1,S2,empty,6.421
96,D1,S2,empty,6.3797
97,D1,S2,empty,6.5474
98,D1,S2,empty,6.711
99,D1,S2,empty,6.2553
100,D1,S2,empty,7.7165
101,D1,S2,empty,7.1214
102,D1,S2,empty,7.0296
103,D1,S2,empty,6.7931
104,D1,S2,empty,6.9148
105,D1,S2,empty,6.3997
106,D1,S2,empty,6.8971
107,D1,S2,empty,6.4126
108,D1,S2,empty,6.5295
109,D1,S2,empty,6.3873
110,D1,S2,empty,6.6648
111,D1,S2,empty,6.8634
112,D1,S2,empty,6.6664
113,D1,S2,empty,7.3035
114,D1,S2,empty,6.8196
115,D1,S2,empty,7.4859
116,D1,S2,empty,7.3122
117,D1,S2,empty,6.602
118,D1,S2,empty,6.8954
119,D1,S2,empty,6.8572
120,D1,S2,empty,6.8392
121,D1,S2,empty,6.5801
122,D1,S2,empty,7.2132
123,D1,S2,empty,7.2757
124,D1,S2,empty,7.2782
125,D1,S2,empty,7.1632
126,D1,S2,empty,6.353
127,D1,S2,empty,6.6246
128,D1,S2,empty,6.6455
129,D1,S2,empty,7.1916
130,D1,S2,empty,7.1442
131,D1,S2,empty,6.5828
132,D1,S2,empty,7.1718
133,D1,S2,empty,6.9934
134,D1,S2,empty,6.6906
135,D1,S2,empty,6.9832
136,D1,S2,empty,6.5453
137,D1,S2,empty,6.2245
138,D1,S2,empty,6.7046
139,D1,S2,empty,6.7556
140,D1,S2,empty,7.2963
141,D1,S2,empty,6.1595
142,D1,S2,empty,6.37
143,D1,S2,empty,6.7849
144,D1,S2,empty,6.5766
145,D1,S2,empty,7.4587
146,D1,S2,empty,7.4317
147,D1,S2,empty,6.184
148,D1,S2,empty,6.4468
149,D1,S2,empty,6.7319
150,D1,S2,empty,7.1161
151,D1,S2,empty,6.4637
152,D1,S2,empty,6.9166
153,D1,S2,empty,6.2888
154,D1,S2,empty,6.8748
155,D1,S2,empty,6.7327
156,D1,S2,empty,6.7671
157,D1,S2,empty,6.7445
158,D1,S2,empty,6.3022
159,D1,S2,empty,7.1513
160,D1,S2,empty,6.7028
161,D1,S2,empty,7.0958
162,D1,S2,empty,6.4681
163,D1,S2,empty,6.5638
164,D1,S2,empty,7.2012
165,D1,S2,empty,6.3551
166,D1,S2,empty,6.5681
167,D1,S2,empty,6.568
168,D1,S2,empty,6.8057
169,D1,S2,empty,7.5813
170,D1,S2,empty,7.3082
171,D1,S2,empty,6.5759
172,D1,S2,empty,6.5847
173,D1,S2,empty,6.7126
174,D1,S2,empty,6.1689
175,D1,S2,empty,6.1514
176,D1,S2,empty,6.7078
177,D1,S2,empty,6.8829
178,D1,S2,empty,7.5656
179,D1,S2,empty,6.5079
180,D1,S2,empty,6.4853
181,D1,S2,empty,7.7615
182,D1,S2,empty,6.6577
183,D1,S2,empty,6.2376
184,D1,S2,empty,7.4467
185,D1,S2,empty,6.7946
186,D1,S2,empty,7.4371
187,D1,S2,empty,6.9119
188,D1,S2,empty,6.7628
189,D1,S2,empty,6.3273
190,D1,S2,empty,6.6492
191,D1,S2,empty,6.3151
192,D1,S2,empty,6.7066
193,D1,S2,empty,6.1542
194,D1,S2,empty,7.1623
195,D1,S2,empty,6.993
196,D1,S2,empty,7.1822
197,D1,S2,empty,6.2737
198,D1,S2,empty,6.8184
199,D1,S2,empty,6.8579
200,D1,S2,empty,6.3306
201,D1,S2,empty,7.0864
202,D1,S2,empty,6.872
203,D1,S2,empty,6.9671
204,D1,S2,empty,6.3623
205,D1,S2,empty,7.0757
206,D1,S2,empty,6.0916
207,D1,S2,empty,6.897
208,D1,S2,empty,7.0595
209,D1,S2,empty,6.6332
210,D1,S2,empty,6.4581
211,D1,S2,empty,6.7803
212,D1,S2,empty,6.5039
213,D1,S2,empty,6.8119
214,D1,S2,empty,7.6032
215,D1,S2,empty,7.2513
216,D1,S2,empty,7.1033
217,D1,S2,empty,6.862
218,D1,S2,empty,6.0569
219,D1,S2,empty,6.3858
220,D1,S2,empty,7.3618
221,D1,S2,empty,6.8014
222,D1,S2,empty,6.5594
223,D1,S2,empty,6.6046
224,D1,S2,empty,6.9421
225,D1,S2,empty,7.2673
226,D1,S2,empty,7.351
227,D1,S2,empty,6.1132
228,D1,S2,empty,7.0063
229,D1,S2,empty,6.8272
230,D1,S2,empty,6.1601
231,D1,S2,empty,7.0608
232,D1,S2,empty,6.3793
233,D1,S2,empty,7.1775
234,D1,S2,empty,7.4157
235,D1,S2,empty,7.1293
236,D1,S2,empty,6.7482
237,D1,S2,empty,7.25
238,D1,S2,empty,6.7412
239,D1,S2,empty,7.1917
240,D1,S2,empty,6.5889
241,D1,S2,empty,6.2545
242,D1,S2,empty,6.523
243,D1,S2,empty,7.3643
244,D1,S2,empty,7.56
245,D1,S2,empty,6.8773
246,D1,S2,empty,6.1101
247,D1,S2,empty,6.654
248,D1,S2,empty,6.7555
249,D1,S2,empty,7.5107
250,D1,S2,empty,7.1179
251,D1,S2,empty,6.5884
252,D1,S2,empty,6.4685
253,D1,S2,empty,6.5268
254,D1,S2,empty,7.158
255,D1,S2,empty,6.4697
256,D1,S2,empty,7.0114
257,D1,S2,empty,6.1978
258,D1,S2,empty,6.5585
259,D1,S2,empty,6.9546
260,D1,S2,empty,6.2353
261,D1,S2,empty,6.6596
262,D1,S2,empty,7.1613
263,D1,S2,empty,6.7915
264,D1,S2,empty,6.9091
265,D1,S2,empty,6.388
266,D1,S2,empty,6.3762
267,D1,S2,empty,6.3654
268,D1,S2,empty,6.4678
269,D1,S2,empty,6.9416
270,D1,S2,empty,6.774
271,D1,S2,empty,6.6401
272,D1,S2,empty,6.5095
273,D1,S2,empty,6.3969
274,D1,S2,empty,6.7327
275,D1,S2,empty,6.2393
276,D1,S2,empty,7.32
277,D1,S2,empty,6.6664
278,D1,S2,empty,6.7271
279,D1,S2,empty,6.5371
280,D1,S2,empty,6.6131
281,D1,S2,empty,6.7428
282,D1,S2,empty,7.0041
283,D1,S2,empty,6.6973
284,D1,S2,empty,6.7846
285,D1,S2,empty,7.3312
286,D1,S2,empty,7.5627
287,D1,S2,empty,6.8203
288,D1,S2,empty,7.2999
289,D1,S2,empty,6.9305
290,D1,S2,empty,6.458
291,D1,S2,empty,6.2226
292,D1,S2,empty,6.9275
293,D1,S2,empty,7.4402
294,D1,S2,empty,7.0905
295,D1,S2,empty,7.0012
296,D1,S2,empty,6.853
297,D1,S2,empty,6.5501
298,D1,S2,empty,6.7023
299,D1,S2,empty,6.3613
300,D1,S2,empty,7.7334
301,D1,S2,empty,7.0823
302,D1,S2,empty,6.4322
303,D1,S2,empty,6.7041
304,D1,S2,empty,7.6594
305,D1,S2,empty,6.7078
306,D1,S2,empty,7.3189
307,D1,S2,empty,6.281
308,D1,S2,empty,6.6309
309,D1,S2,empty,7.1908
310,D1,S2,empty,7.259
311,D1,S2,empty,6.8502
312,D1,S2,empty,7.4114
313,D1,S2,empty,7.4435
314,D1,S2,empty,6.5905
315,D1,S2,empty,6.6124
316,D1,S2,empty,7.1991
317,D1,S2,empty,6.2955
318,D1,S2,empty,7.5613
319,D1,S2,empty,7.5235
320,D1,S2,empty,6.2735
321,D1,S2,empty,7.1385
322,D1,S2,empty,7.1689
323,D1,S2,empty,6.6006
324,D1,S2,empty,6.6093
325,D1,S2,empty,7.3758
326,D1,S2,empty,7.7717
327,D1,S2,empty,6.6248
328,D1,S2,empty,6.3187
329,D1,S2,empty,6.8768
330,D1,S2,empty,6.6928
331,D1,S2,empty,6.133
332,D1,S2,empty,6.9735
333,D1,S2,empty,6.7092
334,D1,S2,empty,6.1591
335,D1,S2,empty,6.6013
336,D1,S2,empty,6.6803
337,D1,S2,empty,6.6989
338,D1,S2,empty,6.1202
339,D1,S2,empty,6.7636
340,D1,S2,empty,6.5889
341,D1,S2,empty,6.4359
342,D1,S2,empty,6.2686
343,D1,S2,empty,6.5993
344,D1,S2,empty,5.9725
345,D1,S2,empty,7.0248
346,D1,S2,empty,6.8943
347,D1,S2,empty,6.398
348,D1,S2,empty,6.4659
349,D1,S2,empty,6.6311
350,D1,S2,empty,7.0715
351,D1,S2,empty,6.9051
352,D1,S2,empty,6.8
353,D1,S2,empty,7.039
354,D1,S2,empty,6.3929
355,D1,S2,empty,7.2492
356,D1,S2,empty,6.6333
357,D1,S2,empty,6.7894
358,D1,S2,empty,6.6109
359,D1,S2,empty,6.5183
360,D1,S2,empty,7.515
361,D1,S2,empty,7.5122
362,D1,S2,empty,6.4083
363,D1,S2,empty,6.0412
364,D1,S2,empty,6.4719
365,D1,S2,empty,7.2076
366,D1,S2,empty,6.6443
367,D1,S2,empty,6.1345
368,D1,S2,empty,6.4945
369,D1,S2,empty,7.625
370,D1,S2,empty,7.1486
371,D1,S2,empty,6.7263
372,D1,S2,empty,6.6063
373,D1,S2,empty,6.1397
374,D1,S2,empty,7.2695
375,D1,S2,empty,7.0928
376,D1,S2,empty,7.2015
377,D1,S2,empty,6.5308
378,D1,S2,empty,6.3852
379,D1,S2,empty,7.0033
380,D1,S2,empty,6.6901
381,D1,S2,empty,7.1906
382,D1,S2,empty,6.4778
383,D1,S2,empty,6.7434
384,D1,S2,empty,7.2543
385,D1,S2,empty,7.2476
386,D1,S2,empty,7.097
387,D1,S2,empty,6.4419
388,D1,S2,empty,6.7903
389,D1,S2,empty,7.0431
390,D1,S2,empty,6.0752
391,D1,S2,empty,6.9527
392,D1,S2,empty,7.475
393,D1,S2,empty,6.3615
394,D1,S2,empty,6.7979
395,D1,S2,empty,7.2655
396,D1,S2,empty,7.6285
397,D1,S2,empty,6.2859
398,D1,S2,empty,7.5378
399,D1,S2,empty,6.4626
400,D1,S2,empty,6.2811
401,D1,S2,empty,6.4308
402,D1,S2,empty,7.8109
403,D1,S2,empty,7.4316
404,D1,S2,empty,5.9536
405,D1,S2,empty,7.0565
406,D1,S2,empty,7.0412
407,D1,S2,empty,6.7629
408,D1,S2,empty,7.3755
409,D1,S2,empty,6.2256
410,D1,S2,empty,7.1294
411,D1,S2,empty,6.5427
412,D1,S2,empty,6.4115
413,D1,S2,empty,7.0875
414,D1,S2,empty,6.494
415,D1,S2,empty,7.4221
416,D1,S2,empty,7.0248
417,D1,S2,empty,7.1089
418,D1,S2,empty,6.6368
419,D1,S2,empty,7.0816
420,D1,S2,empty,6.4835
421,D1,S2,empty,6.8289
422,D1,S2,empty,6.3859
423,D1,S2,empty,6.8441
424,D1,S2,empty,7.2081
425,D1,S2,empty,6.0886
426,D1,S2,empty,7.05
427,D1,S2,empty,6.2013
428,D1,S2,empty,6.9719
429,D1,S2,empty,6.805
430,D1,S2,empty,6.6965
431,D1,S2,empty,7.0272
432,D1,S2,empty,6.2095
433,D1,S2,empty,6.7455
434,D1,S2,empty,6.7743
435,D1,S2,empty,7.3322
436,D1,S2,empty,7.3605
437,D1,S2,empty,6.876
438,D1,S2,empty,7.4432
439,D1,S2,empty,6.6297
440,D1,S2,empty,6.2789
441,D1,S2,empty,7.2581
442,D1,S2,empty,6.4219
443,D1,S2,empty,6.3677
444,D1,S2,empty,6.5593
445,D1,S2,empty,6.1428
446,D1,S2,empty,7.3733
447,D1,S2,empty,6.9986
448,D1,S2,empty,6.4347
449,D1,S2,empty,6.7816
450,D1,S2,empty,6.7109
451,D1,S2,empty,6.7597
452,D1,S2,empty,6.5035
453,D1,S2,empty,7.1283
454,D1,S2,empty,7.2423
455,D1,S2,empty,6.8355
456,D1,S2,empty,7.6208
457,D1,S2,empty,6.8933
458,D1,S2,empty,6.8536
459,D1,S2,empty,6.7882
460,D1,S2,empty,6.7783
461,D1,S2,empty,6.2662
462,D1,S2,empty,6.6932
463,D1,S2,empty,6.8923
464,D1,S2,empty,6.9965
465,D1,S2,empty,6.6395
466,D1,S2,empty,6.4583
467,D1,S2,empty,6.7137
468,D1,S2,empty,6.3644
469,D1,S2,empty,6.2684
470,D1,S2,empty,6.1033
471,D1,S2,empty,7.3125
472,D1,S2,empty,6.4246
473,D1,S2,empty,6.6838
474,D1,S2,empty,7.1194
475,D1,S2,empty,7.5313
476,D1,S2,empty,6.3434
477,D1,S2,empty,6.8479
478,D1,S2,empty,6.51
479,D1,S2,empty,7.0473
480,D1,S2,empty,7.1056
481,D1,S2,empty,6.7885
482,D1,S2,empty,6.2562
483,D1,S2,empty,6.2661
484,D1,S2,empty,7.1586
485,D1,S2,empty,6.7985
486,D1,S2,empty,7.1663
487,D1,S2,empty,6.2288
488,D1,S2,empty,6.8071
489,D1,S2,empty,7.3655
490,D1,S2,empty,7.2371
491,D1,S2,empty,6.4396
492,D1,S2,empty,7.3674
493,D1,S2,empty,6.5211
494,D1,S2,empty,7.4671
495,D1,S2,empty,6.6553
496,D1,S2,empty,7.1968
497,D1,S2,empty,6.9421
498,D1,S2,empty,6.8187
499,D1,S2,empty,6.6109
500,D1,S2,empty,6.646
1,D2,S1,empty,5.717
2,D2,S1,empty,6.3926
3,D2,S1,empty,5.8542
4,D2,S1,empty,5.8479
5,D2,S1,empty,5.8305
6,D2,S1,empty,6.223
7,D2,S1,empty,5.4043
8,D2,S1,empty,6.6582
9,D2,S1,empty,6.2382
10,D2,S1,empty,6.6596
11,D2,S1,empty,6.4014
12,D2,S1,empty,5.5061
13,D2,S1,empty,6.4351
14,D2,S1,empty,5.608
15,D2,S1,empty,5.4061
16,D2,S1,empty,5.4861
17,D2,S1,empty,6.6619
18,D2,S1,empty,5.4003
19,D2,S1,empty,5.8878
20,D2,S1,empty,6.1269
21,D2,S1,empty,6.367
22,D2,S1,empty,6.2561
23,D2,S1,empty,5.8878
24,D2,S1,empty,6.3365
25,D2,S1,empty,6.3807
26,D2,S1,empty,5.1555
27,D2,S1,empty,6.0023
28,D2,S1,empty,6.0458
29,D2,S1,empty,6.142
30,D2,S1,empty,5.4813
31,D2,S1,empty,5.6587
32,D2,S1,empty,6.3899
33,D2,S1,empty,5.4296
34,D2,S1,empty,5.352
35,D2,S1,empty,5.6424
36,D2,S1,empty,5.3367
37,D2,S1,empty,6.1838
38,D2,S1,empty,5.9566
39,D2,S1,empty,6.4085
40,D2,S1,empty,5.8097
41,D2,S1,empty,6.1691
42,D2,S1,empty,5.7373
43,D2,S1,empty,5.3488
44,D2,S1,empty,5.9747
45,D2,S1,empty,6.2065
46,D2,S1,empty,5.4024
47,D2,S1,empty,5.7283
48,D2,S1,empty,6.0722
49,D2,S1,empty,5.677
50,D2,S1,empty,5.2426
51,D2,S1,empty,5.9336
52,D2,S1,empty,5.3052
53,D2,S1,empty,5.8756
54,D2,S1,empty,5.7051
55,D2,S1,empty,5.4326
56,D2,S1,empty,5.7954
57,D2,S1,empty,6.7569
58,D2,S1,empty,6.3219
59,D2,S1,empty,5.3082
60,D2,S1,empty,5.7331
61,D2,S1,empty,5.9782
62,D2,S1,empty,5.5762
63,D2,S1,empty,6.319
64,D2,S1,empty,5.4154
65,D2,S1,empty,5.961
66,D2,S1,empty,5.6622
67,D2,S1,empty,5.8055
68,D2,S1,empty,6.4471
69,D2,S1,empty,6.3223
70,D2,S1,empty,6.4469
71,D2,S1,empty,5.8852
72,D2,S1,empty,5.2116
73,D2,S1,empty,6.0517
74,D2,S1,empty,6.2094
75,D2,S1,empty,5.6013
76,D2,S1,empty,5.9353
77,D2,S1,empty,5.6971
78,D2,S1,empty,6.5658
79,D2,S1,empty,5.9541
80,D2,S1,empty,6.5205
81,D2,S1,empty,6.0687
82,D2,S1,empty,5.5184
83,D2,S1,empty,5.2472
84,D2,S1,empty,5.8143
85,D2,S1,empty,6.1193
86,D2,S1,empty,5.6909
87,D2,S1,empty,6.1762
88,D2,S1,empty,6.603
89,D2,S1,empty,6.3449
90,D2,S1,empty,5.6413
91,D2,S1,empty,5.6969
92,D2,S1,empty,6.6524
93,D2,S1,empty,6.2349
94,D2,S1,empty,5.9269
95,D2,S1,empty,5.2867
96,D2,S1,empty,6.4197
97,D2,S1,empty,5.4519
98,D2,S1,empty,5.4336
99,D2,S1,empty,6.1633
100,D2,S1,empty,5.3459
101,D2,S1,empty,5.5161
102,D2,S1,empty,5.9817
103,D2,S1,empty,5.3859
104,D2,S1,empty,6.0146
105,D2,S1,empty,5.8678
106,D2,S1,empty,6.1732
107,D2,S1,empty,5.4955
108,D2,S1,empty,5.6231
109,D2,S1,empty,5.411
110,D2,S1,empty,5.8502
111,D2,S1,empty,6.2551
112,D2,S1,empty,5.8196
113,D2,S1,empty,6.0685
114,D2,S1,empty,5.8113
115,D2,S1,empty,5.9094
116,D2,S1,empty,6.0753
117,D2,S1,empty,5.6879
118,D2,S1,empty,6.1649
119,D2,S1,empty,5.7457
120,D2,S1,empty,6.1513
121,D2,S1,empty,5.5426
122,D2,S1,empty,5.8933
123,D2,S1,empty,5.5642
124,D2,S1,empty,6.4478
125,D2,S1,empty,5.6609
126,D2,S1,empty,5.9089
127,D2,S1,empty,5.6849
128,D2,S1,empty,5.7373
129,D2,S1,empty,5.7067
130,D2,S1,empty,5.3381
131,D2,S1,empty,5.9427
132,D2,S1,empty,5.85
133,D2,S1,empty,6.3341
134,D2,S1,empty,5.767
135,D2,S1,empty,6.1143
136,D2,S1,empty,6.1028
137,D2,S1,empty,5.7745
138,D2,S1,empty,5.7908
139,D2,S1,empty,6.1015
140,D2,S1,empty,6.4933
141,D2,S1,empty,5.9474
142,D2,S1,empty,6.3692
143,D2,S1,empty,6.6163
144,D2,S1,empty,5.6524
145,D2,S1,empty,5.7969
146,D2,S1,empty,6.7104
147,D2,S1,empty,5.3226
148,D2,S1,empty,6.3965
149,D2,S1,empty,5.6479
150,D2,S1,empty,5.5451
151,D2,S1,empty,5.4064
152,D2,S1,empty,6.4275
153,D2,S1,empty,6.7087
154,D2,S1,empty,5.6693
155,D2,S1,empty,5.9731
156,D2,S1,empty,5.7154
157,D2,S1,empty,5.827
158,D2,S1,empty,5.9225
159,D2,S1,empty,6.025
160,D2,S1,empty,5.3321
161,D2,S1,empty,5.9082
162,D2,S1,empty,6.2448
163,D2,S1,empty,5.7557
164,D2,S1,empty,6.1142
165,D2,S1,empty,5.613
166,D2,S1,empty,5.7296
167,D2,S1,empty,6.2294
168,D2,S1,empty,5.3312
169,D2,S1,empty,6.3474
170,D2,S1,empty,5.6436
171,D2,S1,empty,5.6709
172,D2,S1,empty,5.6034
173,D2,S1,empty,6.0891
174,D2,S1,empty,5.6077
175,D2,S1,empty,6.1491
176,D2,S1,empty,6.1866
177,D2,S1,empty,5.2197
178,D2,S1,empty,5.8701
179,D2,S1,empty,5.915
180,D2,S1,empty,6.3377
181,D2,S1,empty,5.6821
182,D2,S1,empty,6.02
183,D2,S1,empty,5.2263
184,D2,S1,empty,6.1311
185,D2,S1,empty,5.2921
186,D2,S1,empty,5.4454
187,D2,S1,empty,6.2063
188,D2,S1,empty,5.9452
189,D2,S1,empty,5.9251
190,D2,S1,empty,6.1469
191,D2,S1,empty,5.6058
192,D2,S1,empty,6.2187
193,D2,S1,empty,5.5357
194,D2,S1,empty,5.8629
195,D2,S1,empty,5.9086
196,D2,S1,empty,5.553
197,D2,S1,empty,5.4653
198,D2,S1,empty,6.3183
199,D2,S1,empty,5.9092
200,D2,S1,empty,5.7013
201,D2,S1,empty,5.5753
202,D2,S1,empty,5.5329
203,D2,S1,empty,5.5108
204,D2,S1,empty,5.7993
205,D2,S1,empty,5.6648
206,D2,S1,empty,6.3815
207,D2,S1,empty,5.7445
208,D2,S1,empty,5.8618
209,D2,S1,empty,5.2407
210,D2,S1,empty,6.573
211,D2,S1,empty,6.505
212,D2,S1,empty,5.6548
213,D2,S1,empty,6.5324
214,D2,S1,empty,5.7029
215,D2,S1,empty,6.2481
216,D2,S1,empty,5.8957
217,D2,S1,empty,6.2343
218,D2,S1,empty,5.5148
219,D2,S1,empty,6.4755
220,D2,S1,empty,5.6972
221,D2,S1,empty,5.6834
222,D2,S1,empty,6.0163
223,D2,S1,empty,6.1349
224,D2,S1,empty,5.7587
225,D2,S1,empty,5.9798
226,D2,S1,empty,5.4783
227,D2,S1,empty,6.2955
228,D2,S1,empty,5.7332
229,D2,S1,empty,6.2351
230,D2,S1,empty,5.5257
231,D2,S1,empty,5.545
232,D2,S1,empty,6.0274
233,D2,S1,empty,5.4575
234,D2,S1,empty,6.4772
235,D2,S1,empty,5.7036
236,D2,S1,empty,5.8928
237,D2,S1,empty,5.6295
238,D2,S1,empty,6.1706
239,D2,S1,empty,5.3339
240,D2,S1,empty,6.2166
241,D2,S1,empty,6.3072
242,D2,S1,empty,5.3419
243,D2,S1,empty,5.9715
244,D2,S1,empty,6.1587
245,D2,S1,empty,6.087
246,D2,S1,empty,5.5363
247,D2,S1,empty,6.1292
248,D2,S1,empty,5.9491
249,D2,S1,empty,5.7869
250,D2,S1,empty,5.8667
251,D2,S1,empty,6.364
252,D2,S1,empty,5.8797
253,D2,S1,empty,5.7643
254,D2,S1,empty,5.9857
255,D2,S1,empty,6.7593
256,D2,S1,empty,6.0136
257,D2,S1,empty,6.0523
258,D2,S1,empty,5.8525
259,D2,S1,empty,6.1882
260,D2,S1,empty,5.8649
261,D2,S1,empty,5.8193
262,D2,S1,empty,5.8416
263,D2,S1,empty,6.7949
264,D2,S1,empty,6.1084
265,D2,S1,empty,6.2303
266,D2,S1,empty,5.9629
267,D2,S1,empty,6.1935
268,D2,S1,empty,5.2917
269,D2,S1,empty,5.4391
270,D2,S1,empty,5.7829
271,D2,S1,empty,6.4851
272,D2,S1,empty,5.7784
273,D2,S1,empty,6.2395
274,D2,S1,empty,6.0927
275,D2,S1,empty,5.7905
276,D2,S1,empty,6.2475
277,D2,S1,empty,5.3713
278,D2,S1,empty,6.6271
279,D2,S1,empty,6.2844
280,D2,S1,empty,5.6605
281,D2,S1,empty,6.032
282,D2,S1,empty,5.8995
283,D2,S1,empty,5.5331
284,D2,S1,empty,6.0103
285,D2,S1,empty,5.2836
286,D2,S1,empty,6.4841
287,D2,S1,empty,6.7027
288,D2,S1,empty,5.9405
289,D2,S1,empty,6.1914
290,D2,S1,empty,6.1133
291,D2,S1,empty,5.3671
292,D2,S1,empty,5.8821
293,D2,S1,empty,6.2385
294,D2,S1,empty,6.1461
295,D2,S1,empty,6.4555
296,D2,S1,empty,5.6681
297,D2,S1,empty,6.0077
298,D2,S1,empty,6.5625
299,D2,S1,empty,5.4538
300,D2,S1,empty,5.6331
301,D2,S1,empty,5.6986
302,D2,S1,empty,6.0402
303,D2,S1,empty,6.1626
304,D2,S1,empty,5.8307
305,D2,S1,empty,5.4321
306,D2,S1,empty,5.3259
307,D2,S1,empty,5.7409
308,D2,S1,empty,6.036
309,D2,S1,empty,5.6111
310,D2,S1,empty,5.9345
311,D2,S1,empty,5.4655
312,D2,S1,empty,5.3542
313,D2,S1,empty,5.8246
314,D2,S1,empty,5.4483
315,D2,S1,empty,5.8293
316,D2,S1,empty,5.8161
317,D2,S1,empty,6.0448
318,D2,S1,empty,5.8146
319,D2,S1,empty,5.6715
320,D2,S1,empty,5.5258
321,D2,S1,empty,5.8958
322,D2,S1,empty,5.3689
323,D2,S1,empty,5.8107
324,D2,S1,empty,6.3684
325,D2,S1,empty,6.066
326,D2,S1,empty,5.6836
327,D2,S1,empty,6.0403
328,D2,S1,empty,5.4187
329,D2,S1,empty,5.8547
330,D2,S1,empty,6.352
331,D2,S1,empty,5.9686
332,D2,S1,empty,5.9857
333,D2,S1,empty,5.5868
334,D2,S1,empty,5.6828
335,D2,S1,empty,5.825
336,D2,S1,empty,5.9259
337,D2,S1,empty,5.7726
338,D2,S1,empty,6.7423
339,D2,S1,empty,6.2021
340,D2,S1,empty,6.0212
341,D2,S1,empty,6.4941
342,D2,S1,empty,5.9861
343,D2,S1,empty,5.6997
344,D2,S1,empty,6.7527
345,D2,S1,empty,6.3498
346,D2,S1,empty,5.7981
347,D2,S1,empty,5.266
348,D2,S1,empty,5.8527
349,D2,S1,empty,5.382
350,D2,S1,empty,6.1994
351,D2,S1,empty,5.8052
352,D2,S1,empty,5.8808
353,D2,S1,empty,6.1299
354,D2,S1,empty,5.2086
355,D2,S1,empty,5.6471
356,D2,S1,empty,5.383
357,D2,S1,empty,6.2758
358,D2,S1,empty,5.3756
359,D2,S1,empty,5.7223
360,D2,S1,empty,6.1128
361,D2,S1,empty,5.6263
362,D2,S1,empty,5.3808
363,D2,S1,empty,6.0872
364,D2,S1,empty,6.1913
365,D2,S1,empty,5.7796
366,D2,S1,empty,5.3451
367,D2,S1,empty,5.665
368,D2,S1,empty,6.0198
369,D2,S1,empty,6.3493
370,D2,S1,empty,5.8323
371,D2,S1,empty,5.8747
372,D2,S1,empty,6.2358
373,D2,S1,empty,6.5779
374,D2,S1,empty,6.2783
375,D2,S1,empty,5.2789
376,D2,S1,empty,5.9149
377,D2,S1,empty,5.5516
378,D2,S1,empty,5.5328
379,D2,S1,empty,5.6541
380,D2,S1,empty,5.5687
381,D2,S1,empty,6.0181
382,D2,S1,empty,5.5181
383,D2,S1,empty,5.4485
384,D2,S1,empty,5.4396
385,D2,S1,empty,6.2498
386,D2,S1,empty,6.0566
387,D2,S1,empty,5.8152
388,D2,S1,empty,5.5566
389,D2,S1,empty,5.8185
390,D2,S1,empty,5.8835
391,D2,S1,empty,6.0918
392,D2,S1,empty,6.2829
393,D2,S1,empty,6.1604
394,D2,S1,empty,6.2289
395,D2,S1,empty,6.1895
396,D2,S1,empty,5.6163
397,D2,S1,empty,6.3547
398,D2,S1,empty,6.2875
399,D2,S1,empty,6.1723
400,D2,S1,empty,5.9961
401,D2,S1,empty,6.0795
402,D2,S1,empty,5.1723
403,D2,S1,empty,5.9623
404,D2,S1,empty,5.7346
405,D2,S1,empty,5.7018
406,D2,S1,empty,6.1383
407,D2,S1,empty,5.927
408,D2,S1,empty,5.5665
409,D2,S1,empty,5.5584
410,D2,S1,empty,5.827
411,D2,S1,empty,5.504
412,D2,S1,empty,5.7493
413,D2,S1,empty,6.2731
414,D2,S1,empty,5.5126
415,D2,S1,empty,6.314
416,D2,S1,empty,5.3319
417,D2,S1,empty,5.8015
418,D2,S1,empty,5.5603
419,D2,S1,empty,6.4349
420,D2,S1,empty,6.28
421,D2,S1,empty,6.4307
422,D2,S1,empty,5.7482
423,D2,S1,empty,5.8326
424,D2,S1,empty,6.1114
425,D2,S1,empty,6.0916
426,D2,S1,empty,5.9718
427,D2,S1,empty,5.6009
428,D2,S1,empty,6.3136
429,D2,S1,empty,6.121
430,D2,S1,empty,5.7647
431,D2,S1,empty,5.7497
432,D2,S1,empty,5.3997
433,D2,S1,empty,5.4569
434,D2,S1,empty,6.0469
435,D2,S1,empty,5.2288
436,D2,S1,empty,6.4017
437,D2,S1,empty,5.5202
438,D2,S1,empty,5.819
439,D2,S1,empty,6.1375
440,D2,S1,empty,5.7094
441,D2,S1,empty,5.9576
442,D2,S1,empty,5.5824
443,D2,S1,empty,5.7226
444,D2,S1,empty,6.1432
445,D2,S1,empty,6.7331
446,D2,S1,empty,5.8894
447,D2,S1,empty,6.1817
448,D2,S1,empty,5.8155
449,D2,S1,empty,6.4307
450,D2,S1,empty,5.9334
451,D2,S1,empty,5.7766
452,D2,S1,empty,5.8239
453,D2,S1,empty,5.8147
454,D2,S1,empty,6.0907
455,D2,S1,empty,6.0003
456,D2,S1,empty,5.9927
457,D2,S1,empty,5.9336
458,D2,S1,empty,5.999
459,D2,S1,empty,6.4358
460,D2,S1,empty,6.4754
461,D2,S1,empty,6.5742
462,D2,S1,empty,5.5009
463,D2,S1,empty,6.4343
464,D2,S1,empty,6.0574
465,D2,S1,empty,5.7743
466,D2,S1,empty,6.1636
467,D2,S1,empty,5.6638
468,D2,S1,empty,6.0312
469,D2,S1,empty,5.9716
470,D2,S1,empty,5.7079
471,D2,S1,empty,5.4378
472,D2,S1,empty,5.5935
473,D2,S1,empty,5.9122
474,D2,S1,empty,5.9117
475,D2,S1,empty,6.2664
476,D2,S1,empty,6.6918
477,D2,S1,empty,6.3119
478,D2,S1,empty,6.3296
479,D2,S1,empty,5.1733
480,D2,S1,empty,5.5653
481,D2,S1,empty,5.8039
482,D2,S1,empty,5.8597
483,D2,S1,empty,5.6738
484,D2,S1,empty,6.2941
485,D2,S1,empty,6.0883
486,D2,S1,empty,6.1344
487,D2,S1,empty,5.7542
488,D2,S1,empty,5.8574
489,D2,S1,empty,5.4673
490,D2,S1,empty,5.9168
491,D2,S1,empty,6.0498
492,D2,S1,empty,5.7432
493,D2,S1,empty,5.7767
494,D2,S1,empty,6.6204
495,D2,S1,empty,5.3055
496,D2,S1,empty,6.6606
497,D2,S1,empty,6.273
498,D2,S1,empty,5.611
499,D2,S1,empty,5.7151
500,D2,S1,empty,6.0579
1,D2,S2,empty,3.9821
2,D2,S2,empty,3.8907
3,D2,S2,empty,4.0696
4,D2,S2,empty,4.1689
5,D2,S2,empty,3.8122
6,D2,S2,empty,4.1217
7,D2,S2,empty,4.2169
8,D2,S2,empty,3.7466
9,D2,S2,empty,3.9365
10,D2,S2,empty,4.292
11,D2,S2,empty,4.1143
12,D2,S2,empty,3.7776
13,D2,S2,empty,3.5545
14,D2,S2,empty,3.714
15,D2,S2,empty,3.8931
16,D2,S2,empty,4.0166
17,D2,S2,empty,3.6949
18,D2,S2,empty,3.7966
19,D2,S2,empty,3.8671
20,D2,S2,empty,3.783
21,D2,S2,empty,3.972
22,D2,S2,empty,3.6286
23,D2,S2,empty,4.1848
24,D2,S2,empty,4.0272
25,D2,S2,empty,3.6722
26,D2,S2,empty,3.904
27,D2,S2,empty,3.6876
28,D2,S2,empty,3.8147
29,D2,S2,empty,4.3288
30,D2,S2,empty,3.7833
31,D2,S2,empty,3.5156
32,D2,S2,empty,3.8751
33,D2,S2,empty,4.1027
34,D2,S2,empty,4.0113
35,D2,S2,empty,3.7375
36,D2,S2,empty,4.1867
37,D2,S2,empty,3.8333
38,D2,S2,empty,4.2634
39,D2,S2,empty,4.0378
40,D2,S2,empty,3.9319
41,D2,S2,empty,4.286
42,D2,S2,empty,3.7755
43,D2,S2,empty,4.3142
44,D2,S2,empty,4.0024
45,D2,S2,empty,3.9055
46,D2,S2,empty,4.127
47,D2,S2,empty,3.8681
48,D2,S2,empty,3.4859
49,D2,S2,empty,3.8949
50,D2,S2,empty,3.5914
51,D2,S2,empty,3.7432
52,D2,S2,empty,3.715
53,D2,S2,empty,4.0976
54,D2,S2,empty,3.8934
55,D2,S2,empty,3.9546
56,D2,S2,empty,3.4481
57,D2,S2,empty,3.8541
58,D2,S2,empty,4.1145
59,D2,S2,empty,3.7375
60,D2,S2,empty,3.9974
61,D2,S2,empty,3.9881
62,D2,S2,empty,3.6723
63,D2,S2,empty,3.9599
64,D2,S2,empty,4.2762
65,D2,S2,empty,4.158
66,D2,S2,empty,4.127
67,D2,S2,empty,3.9273
68,D2,S2,empty,3.929
69,D2,S2,empty,4.315
70,D2,S2,empty,3.8555
71,D2,S2,empty,4.2459
72,D2,S2,empty,4.4275
73,D2,S2,empty,3.7831
74,D2,S2,empty,4.2235
75,D2,S2,empty,3.8308
76,D2,S2,empty,3.929
77,D2,S2,empty,4.0219
78,D2,S2,empty,3.6658
79,D2,S2,empty,4.1166
80,D2,S2,empty,4.0063
81,D2,S2,empty,3.9637
82,D2,S2,empty,3.6669
83,D2,S2,empty,4.039
84,D2,S2,empty,3.8666
85,D2,S2,empty,4.0595
86,D2,S2,empty,3.7663
87,D2,S2,empty,3.9648
88,D2,S2,empty,4.2168
89,D2,S2,empty,3.758
90,D2,S2,empty,4.1868
91,D2,S2,empty,4.2022
92,D2,S2,empty,3.7102
93,D2,S2,empty,3.8135
94,D2,S2,empty,3.8103
95,D2,S2,empty,3.986
96,D2,S2,empty,3.8182
97,D2,S2,empty,3.7571
98,D2,S2,empty,4.0973
99,D2,S2,empty,4.2542
100,D2,S2,empty,4.5335
101,D2,S2,empty,3.9249
102,D2,S2,empty,4.0215
103,D2,S2,empty,3.859
104,D2,S2,empty,4.0045
105,D2,S2,empty,4.068
106,D2,S2,empty,4.0104
107,D2,S2,empty,3.8742
108,D2,S2,empty,3.652
109,D2,S2,empty,4.0344
110,D2,S2,empty,3.7452
111,D2,S2,empty,3.7458
112,D2,S2,empty,4.1283
113,D2,S2,empty,4.1565
114,D2,S2,empty,3.9623
115,D2,S2,empty,3.9317
116,D2,S2,empty,4.1821
117,D2,S2,empty,3.964
118,D2,S2,empty,4.1215
119,D2,S2,empty,4.2533
120,D2,S2,empty,3.6773
121,D2,S2,empty,4.1934
122,D2,S2,empty,4.0117
123,D2,S2,empty,3.911
124,D2,S2,empty,3.9828
125,D2,S2,empty,3.9065
126,D2,S2,empty,4.0643
127,D2,S2,empty,3.613
128,D2,S2,empty,3.7579
129,D2,S2,empty,3.9742
130,D2,S2,empty,3.7469
131,D2,S2,empty,4.2131
132,D2,S2,empty,4.2367
133,D2,S2,empty,3.7683
134,D2,S2,empty,3.9709
135,D2,S2,empty,3.8554
136,D2,S2,empty,3.5653
137,D2,S2,empty,3.7154
138,D2,S2,empty,4.0093
139,D2,S2,empty,3.9593
140,D2,S2,empty,3.9075
141,D2,S2,empty,4.4486
142,D2,S2,empty,4.0964
143,D2,S2,empty,3.8774
144,D2,S2,empty,3.5416
145,D2,S2,empty,4.3949
146,D2,S2,empty,3.479
147,D2,S2,empty,3.6095
148,D2,S2,empty,4.2468
149,D2,S2,empty,4.1207
150,D2,S2,empty,3.8973
151,D2,S2,empty,3.897
152,D2,S2,empty,4.2173
153,D2,S2,empty,4.2113
154,D2,S2,empty,4.0276
155,D2,S2,empty,3.7861
156,D2,S2,empty,3.8976
157,D2,S2,empty,4.2058
158,D2,S2,empty,3.694
159,D2,S2,empty,3.7541
160,D2,S2,empty,3.7158
161,D2,S2,empty,3.8947
162,D2,S2,empty,4.2244
163,D2,S2,empty,4.296
164,D2,S2,empty,3.7913
165,D2,S2,empty,3.8128
166,D2,S2,empty,4.2946
167,D2,S2,empty,3.7156
168,D2,S2,empty,3.7025
169,D2,S2,empty,3.866
170,D2,S2,empty,4.464
171,D2,S2,empty,3.8039
172,D2,S2,empty,3.9144
173,D2,S2,empty,3.5377
174,D2,S2,empty,3.5534
175,D2,S2,empty,4.473
176,D2,S2,empty,3.809
177,D2,S2,empty,3.8037
178,D2,S2,empty,3.8155
179,D2,S2,empty,3.8242
180,D2,S2,empty,4.2333
181,D2,S2,empty,4.0423
182,D2,S2,empty,4.3889
183,D2,S2,empty,3.4563
184,D2,S2,empty,4.0195
185,D2,S2,empty,3.7347
186,D2,S2,empty,3.8054
187,D2,S2,empty,3.6735
188,D2,S2,empty,4.1954
189,D2,S2,empty,4.054
190,D2,S2,empty,4.0691
191,D2,S2,empty,3.852
192,D2,S2,empty,4.2955
193,D2,S2,empty,3.8597
194,D2,S2,empty,3.821
195,D2,S2,empty,3.9322
196,D2,S2,empty,4.1529
197,D2,S2,empty,4.0766
198,D2,S2,empty,3.9627
199,D2,S2,empty,4.2163
200,D2,S2,empty,3.8438
201,D2,S2,empty,3.6315
202,D2,S2,empty,3.8326
203,D2,S2,empty,3.9949
204,D2,S2,empty,4.0649
205,D2,S2,empty,4.03
206,D2,S2,empty,4.0594
207,D2,S2,empty,3.9513
208,D2,S2,empty,3.9751
209,D2,S2,empty,4.2676
210,D2,S2,empty,3.8172
211,D2,S2,empty,3.9382
212,D2,S2,empty,3.6304
213,D2,S2,empty,4.1183
214,D2,S2,empty,3.6463
215,D2,S2,empty,3.8226
216,D2,S2,empty,4.0856
217,D2,S2,empty,3.6355
218,D2,S2,empty,4.005
219,D2,S2,empty,3.7564
220,D2,S2,empty,4.1184
221,D2,S2,empty,3.865
222,D2,S2,empty,3.7453
223,D2,S2,empty,3.6405
224,D2,S2,empty,3.433
225,D2,S2,empty,4.212
226,D2,S2,empty,4.21
227,D2,S2,empty,3.7308
228,D2,S2,empty,3.7684
229,D2,S2,empty,4.4299
230,D2,S2,empty,4.1358
231,D2,S2,empty,4.3622
232,D2,S2,empty,3.8131
233,D2,S2,empty,3.8991
234,D2,S2,empty,3.9367
235,D2,S2,empty,4.0429
236,D2,S2,empty,4.0702
237,D2,S2,empty,4.0878
238,D2,S2,empty,3.6011
239,D2,S2,empty,4.1346
240,D2,S2,empty,4.1601
241,D2,S2,empty,4.1
242,D2,S2,empty,4.0203
243,D2,S2,empty,3.8813
244,D2,S2,empty,4.0907
245,D2,S2,empty,4.0675
246,D2,S2,empty,4.0935
247,D2,S2,empty,3.9964
248,D2,S2,empty,4.2768
249,D2,S2,empty,3.7774
250,D2,S2,empty,3.8345
251,D2,S2,empty,3.9533
252,D2,S2,empty,4.3361
253,D2,S2,empty,3.6966
254,D2,S2,empty,3.975
255,D2,S2,empty,3.9694
256,D2,S2,empty,4.0397
257,D2,S2,empty,4.246
258,D2,S2,empty,3.8497
259,D2,S2,empty,3.7857
260,D2,S2,empty,3.6038
261,D2,S2,empty,4.2267
262,D2,S2,empty,4.0726
263,D2,S2,empty,4.1014
264,D2,S2,empty,3.7863
265,D2,S2,empty,3.7244
266,D2,S2,empty,3.934
267,D2,S2,empty,3.5971
268,D2,S2,empty,3.9769
269,D2,S2,empty,3.8155
270,D2,S2,empty,4.0421
271,D2,S2,empty,3.5988
272,D2,S2,empty,3.7419
273,D2,S2,empty,3.6678
274,D2,S2,empty,3.5441
275,D2,S2,empty,3.9764
276,D2,S2,empty,3.7816
277,D2,S2,empty,3.8758
278,D2,S2,empty,3.699
279,D2,S2,empty,4.3466
280,D2,S2,empty,4.3198
281,D2,S2,empty,4.0622
282,D2,S2,empty,3.7439
283,D2,S2,empty,3.988
284,D2,S2,empty,4.1341
285,D2,S2,empty,3.6407
286,D2,S2,empty,4.2694
287,D2,S2,empty,3.8917
288,D2,S2,empty,4.4012
289,D2,S2,empty,3.7716
290,D2,S2,empty,4.0068
291,D2,S2,empty,3.6807
292,D2,S2,empty,4.1905
293,D2,S2,empty,3.5182
294,D2,S2,empty,3.6698
295,D2,S2,empty,3.9747
296,D2,S2,empty,3.9038
297,D2,S2,empty,4.0723
298,D2,S2,empty,3.8248
299,D2,S2,empty,4.1263
300,D2,S2,empty,3.8229
301,D2,S2,empty,4.2652
302,D2,S2,empty,3.8026
303,D2,S2,empty,3.8673
304,D2,S2,empty,3.9397
305,D2,S2,empty,4.2901
306,D2,S2,empty,3.4756
307,D2,S2,empty,4.3948
308,D2,S2,empty,3.6665
309,D2,S2,empty,3.5438
310,D2,S2,empty,4.1851
311,D2,S2,empty,4.2032
312,D2,S2,empty,3.7912
313,D2,S2,empty,3.6698
314,D2,S2,empty,4.2364
315,D2,S2,empty,4.0255
316,D2,S2,empty,4.0245
317,D2,S2,empty,3.7737
318,D2,S2,empty,3.9773
319,D2,S2,empty,3.8595
320,D2,S2,empty,3.6247
321,D2,S2,empty,3.9189
322,D2,S2,empty,3.7849
323,D2,S2,empty,3.7823
324,D2,S2,empty,4.0434
325,D2,S2,empty,3.7686
326,D2,S2,empty,4.0072
327,D2,S2,empty,3.5106
328,D2,S2,empty,4.2174
329,D2,S2,empty,3.5069
330,D2,S2,empty,4.4346
331,D2,S2,empty,4.2669
332,D2,S2,empty,4.254
333,D2,S2,empty,3.8435
334,D2,S2,empty,4.3099
335,D2,S2,empty,3.9502
336,D2,S2,empty,3.8599
337,D2,S2,empty,3.9574
338,D2,S2,empty,3.8818
339,D2,S2,empty,4.204
340,D2,S2,empty,3.6571
341,D2,S2,empty,3.8566
342,D2,S2,empty,3.6684
343,D2,S2,empty,4.2262
344,D2,S2,empty,4.2041
345,D2,S2,empty,3.8493
346,D2,S2,empty,4.364
347,D2,S2,empty,4.1105
348,D2,S2,empty,3.6514
349,D2,S2,empty,4.0624
350,D2,S2,empty,4.1412
351,D2,S2,empty,3.8131
352,D2,S2,empty,3.6541
353,D2,S2,empty,3.7408
354,D2,S2,empty,4.3631
355,D2,S2,empty,4.0098
356,D2,S2,empty,4.3996
357,D2,S2,empty,4.0674
358,D2,S2,empty,3.6734
359,D2,S2,empty,3.9474
360,D2,S2,empty,4.2293
361,D2,S2,empty,3.8346
362,D2,S2,empty,3.8443
363,D2,S2,empty,3.9422
364,D2,S2,empty,4.1021
365,D2,S2,empty,3.5594
366,D2,S2,empty,3.8854
367,D2,S2,empty,3.5677
368,D2,S2,empty,3.9149
369,D2,S2,empty,3.9995
370,D2,S2,empty,3.7767
371,D2,S2,empty,3.8363
372,D2,S2,empty,3.7193
373,D2,S2,empty,3.9057
374,D2,S2,empty,4.041
375,D2,S2,empty,3.712
376,D2,S2,empty,4.0147
377,D2,S2,empty,3.5698
378,D2,S2,empty,3.8158
379,D2,S2,empty,4.312
380,D2,S2,empty,3.8428
381,D2,S2,empty,4.2148
382,D2,S2,empty,3.6325
383,D2,S2,empty,3.7662
384,D2,S2,empty,3.8238
385,D2,S2,empty,3.5897
386,D2,S2,empty,3.9167
387,D2,S2,empty,4.0678
388,D2,S2,empty,4.3334
389,D2,S2,empty,3.851
390,D2,S2,empty,3.9514
391,D2,S2,empty,4.184
392,D2,S2,empty,3.847
393,D2,S2,empty,3.5027
394,D2,S2,empty,3.6989
395,D2,S2,empty,4.0548
396,D2,S2,empty,3.967
397,D2,S2,empty,3.9967
398,D2,S2,empty,4.2698
399,D2,S2,empty,3.908
400,D2,S2,empty,3.7307
401,D2,S2,empty,3.6474
402,D2,S2,empty,4.0031
403,D2,S2,empty,4.3498
404,D2,S2,empty,4.1326
405,D2,S2,empty,3.8848
406,D2,S2,empty,3.7383
407,D2,S2,empty,3.8952
408,D2,S2,empty,3.7395
409,D2,S2,empty,3.7154
410,D2,S2,empty,3.8574
411,D2,S2,empty,3.7514
412,D2,S2,empty,3.7382
413,D2,S2,empty,4.4066
414,D2,S2,empty,4.1484
415,D2,S2,empty,3.6334
416,D2,S2,empty,3.8319
417,D2,S2,empty,3.8246
418,D2,S2,empty,3.5929
419,D2,S2,empty,3.9295
420,D2,S2,empty,3.7987
421,D2,S2,empty,3.7238
422,D2,S2,empty,4.1358
423,D2,S2,empty,3.6658
424,D2,S2,empty,3.8268
425,D2,S2,empty,3.9576
426,D2,S2,empty,3.482
427,D2,S2,empty,4.2474
428,D2,S2,empty,3.7241
429,D2,S2,empty,3.9897
430,D2,S2,empty,3.9532
431,D2,S2,empty,3.7548
432,D2,S2,empty,3.7857
433,D2,S2,empty,3.7593
434,D2,S2,empty,4.088
435,D2,S2,empty,3.6355
436,D2,S2,empty,4.0392
437,D2,S2,empty,4.1984
438,D2,S2,empty,3.5585
439,D2,S2,empty,3.7391
440,D2,S2,empty,4.1919
441,D2,S2,empty,3.8694
442,D2,S2,empty,4.1739
443,D2,S2,empty,4.3414
444,D2,S2,empty,4.1254
445,D2,S2,empty,3.762
446,D2,S2,empty,3.9706
447,D2,S2,empty,3.7781
448,D2,S2,empty,4.0685
449,D2,S2,empty,3.9432
450,D2,S2,empty,3.8921
451,D2,S2,empty,3.5818
452,D2,S2,empty,3.7687
453,D2,S2,empty,3.6763
454,D2,S2,empty,3.9035
455,D2,S2,empty,3.9832
456,D2,S2,empty,3.8669
457,D2,S2,empty,4.1308
458,D2,S2,empty,3.6226
459,D2,S2,empty,4.1761
460,D2,S2,empty,3.7623
461,D2,S2,empty,3.9908
462,D2,S2,empty,4.1932
463,D2,S2,empty,3.8388
464,D2,S2,empty,3.6911
465,D2,S2,empty,3.6176
466,D2,S2,empty,3.9369
467,D2,S2,empty,4.0163
468,D2,S2,empty,3.8703
469,D2,S2,empty,3.7778
470,D2,S2,empty,3.7813
471,D2,S2,empty,4.1348
472,D2,S2,empty,3.731
473,D2,S2,empty,3.9155
474,D2,S2,empty,4.0393
475,D2,S2,empty,3.8997
476,D2,S2,empty,3.774
477,D2,S2,empty,3.6763
478,D2,S2,empty,3.9161
479,D2,S2,empty,3.774
480,D2,S2,empty,4.1111
481,D2,S2,empty,3.7973
482,D2,S2,empty,3.4782
483,D2,S2,empty,4.2667
484,D2,S2,empty,4.3444
485,D2,S2,empty,3.7327
486,D2,S2,empty,3.6926
487,D2,S2,empty,3.8654
488,D2,S2,empty,3.8435
489,D2,S2,empty,3.8459
490,D2,S2,empty,4.1145
491,D2,S2,empty,3.7932
492,D2,S2,empty,4.0018
493,D2,S2,empty,4.0507
494,D2,S2,empty,3.9476
495,D2,S2,empty,4.3071
496,D2,S2,empty,3.6889
497,D2,S2,empty,4.0127
498,D2,S2,empty,4.2137
499,D2,S2,empty,3.7186
500,D2,S2,empty,4.3683
1,S1,D1,loaded,6.203
2,S1,D1,loaded,6.6072
3,S1,D1,loaded,5.9395
4,S1,D1,loaded,6.0431
5,S1,D1,loaded,5.879
6,S1,D1,loaded,6.5264
7,S1,D1,loaded,6.5542
8,S1,D1,loaded,7.1339
9,S1,D1,loaded,6.4741
10,S1,D1,loaded,6.5606
11,S1,D1,loaded,6.9334
12,S1,D1,loaded,6.8474
13,S1,D1,loaded,6.5002
14,S1,D1,loaded,7.241
15,S1,D1,loaded,6.5539
16,S1,D1,loaded,6.1523
17,S1,D1,loaded,6.2029
18,S1,D1,loaded,6.084
19,S1,D1,loaded,6.0961
20,S1,D1,loaded,6.6566
21,S1,D1,loaded,6.6273
22,S1,D1,loaded,6.7946
23,S1,D1,loaded,6.8155
24,S1,D1,loaded,7.0531
25,S1,D1,loaded,6.9294
26,S1,D1,loaded,6.3118
27,S1,D1,loaded,6.428
28,S1,D1,loaded,6.9561
29,S1,D1,loaded,6.7116
30,S1,D1,loaded,6.4046
31,S1,D1,loaded,6.1621
32,S1,D1,loaded,6.064
33,S1,D1,loaded,6.7318
34,S1,D1,loaded,6.5382
35,S1,D1,loaded,6.4683
36,S1,D1,loaded,6.8307
37,S1,D1,loaded,6.6461
38,S1,D1,loaded,7.0288
39,S1,D1,loaded,6.2411
40,S1,D1,loaded,6.561
41,S1,D1,loaded,6.2591
42,S1,D1,loaded,6.5067
43,S1,D1,loaded,7.4208
44,S1,D1,loaded,6.6945
45,S1,D1,loaded,6.1899
46,S1,D1,loaded,7.1453
47,S1,D1,loaded,6.6036
48,S1,D1,loaded,6.3452
49,S1,D1,loaded,6.9446
50,S1,D1,loaded,6.4627
51,S1,D1,loaded,6.2244
52,S1,D1,loaded,6.414
53,S1,D1,loaded,7.167
54,S1,D1,loaded,7.1092
55,S1,D1,loaded,6.5688
56,S1,D1,loaded,5.9853
57,S1,D1,loaded,6.0389
58,S1,D1,loaded,6.1462
59,S1,D1,loaded,7.0919
60,S1,D1,loaded,6.2721
61,S1,D1,loaded,6.6735
62,S1,D1,loaded,5.9961
63,S1,D1,loaded,6.3827
64,S1,D1,loaded,6.3256
65,S1,D1,loaded,6.3055
66,S1,D1,loaded,6.8434
67,S1,D1,loaded,6.7029
68,S1,D1,loaded,6.6356
69,S1,D1,loaded,6.0903
70,S1,D1,loaded,6.1568
71,S1,D1,loaded,6.8972
72,S1,D1,loaded,6.8502
73,S1,D1,loaded,6.469
74,S1,D1,loaded,6.0379
75,S1,D1,loaded,6.2905
76,S1,D1,loaded,7.4834
77,S1,D1,loaded,6.4664
78,S1,D1,loaded,6.3636
79,S1,D1,loaded,7.183
80,S1,D1,loaded,6.7236
81,S1,D1,loaded,6.3857
82,S1,D1,loaded,6.9888
83,S1,D1,loaded,7.0523
84,S1,D1,loaded,6.494
85,S1,D1,loaded,6.9641
86,S1,D1,loaded,6.2642
87,S1,D1,loaded,6.4279
88,S1,D1,loaded,6.7261
89,S1,D1,loaded,6.0492
90,S1,D1,loaded,6.5454
91,S1,D1,loaded,5.9964
92,S1,D1,loaded,6.8725
93,S1,D1,loaded,6.4094
94,S1,D1,loaded,6.8192
95,S1,D1,loaded,6.5045
96,S1,D1,loaded,6.4941
97,S1,D1,loaded,7.0674
98,S1,D1,loaded,6.1749
99,S1,D1,loaded,5.9298
100,S1,D1,loaded,6.391
101,S1,D1,loaded,6.9363
102,S1,D1,loaded,6.464
103,S1,D1,loaded,6.8651
104,S1,D1,loaded,6.8172
105,S1,D1,loaded,6.5524
106,S1,D1,loaded,7.2642
107,S1,D1,loaded,6.8103
108,S1,D1,loaded,6.8608
109,S1,D1,loaded,6.602
110,S1,D1,loaded,6.2421
111,S1,D1,loaded,6.3353
112,S1,D1,loaded,6.2607
113,S1,D1,loaded,6.0171
114,S1,D1,loaded,7.3113
115,S1,D1,loaded,6.3364
116,S1,D1,loaded,7.3518
117,S1,D1,loaded,7.5037
118,S1,D1,loaded,6.3524
119,S1,D1,loaded,6.6447
120,S1,D1,loaded,7.0708
121,S1,D1,loaded,6.6582
122,S1,D1,loaded,6.4429
123,S1,D1,loaded,6.7038
124,S1,D1,loaded,6.849
125,S1,D1,loaded,7.0576
126,S1,D1,loaded,6.9532
127,S1,D1,loaded,7.0591
128,S1,D1,loaded,6.9215
129,S1,D1,loaded,6.4041
130,S1,D1,loaded,6.4462
131,S1,D1,loaded,6.0526
132,S1,D1,loaded,6.0114
133,S1,D1,loaded,6.8044
134,S1,D1,loaded,7.5249
135,S1,D1,loaded,7.5114
136,S1,D1,loaded,6.2411
137,S1,D1,loaded,6.7239
138,S1,D1,loaded,6.4493
139,S1,D1,loaded,6.159
140,S1,D1,loaded,6.901
141,S1,D1,loaded,6.6655
142,S1,D1,loaded,6.0345
143,S1,D1,loaded,6.2063
144,S1,D1,loaded,6.4228
145,S1,D1,loaded,6.7628
146,S1,D1,loaded,6.6232
147,S1,D1,loaded,7.1811
148,S1,D1,loaded,6.6967
149,S1,D1,loaded,6.3085
150,S1,D1,loaded,6.1916
151,S1,D1,loaded,6.271
152,S1,D1,loaded,6.7447
153,S1,D1,loaded,6.28
154,S1,D1,loaded,6.2925
155,S1,D1,loaded,7.0134
156,S1,D1,loaded,6.3274
157,S1,D1,loaded,6.8534
158,S1,D1,loaded,6.5175
159,S1,D1,loaded,6.9989
160,S1,D1,loaded,7.0954
161,S1,D1,loaded,6.9181
162,S1,D1,loaded,6.1019
163,S1,D1,loaded,6.7932
164,S1,D1,loaded,6.7177
165,S1,D1,loaded,6.2415
166,S1,D1,loaded,6.0325
167,S1,D1,loaded,7.1306
168,S1,D1,loaded,7.1189
169,S1,D1,loaded,6.7555
170,S1,D1,loaded,6.7573
171,S1,D1,loaded,6.6435
172,S1,D1,loaded,6.6755
173,S1,D1,loaded,6.5514
174,S1,D1,loaded,6.2829
175,S1,D1,loaded,6.8209
176,S1,D1,loaded,6.4046
177,S1,D1,loaded,6.5962
178,S1,D1,loaded,6.5883
179,S1,D1,loaded,6.1115
180,S1,D1,loaded,6.1759
181,S1,D1,loaded,7.0745
182,S1,D1,loaded,7.3171
183,S1,D1,loaded,6.8158
184,S1,D1,loaded,7.0165
185,S1,D1,loaded,7.3173
186,S1,D1,loaded,5.8143
187,S1,D1,loaded,7.1113
188,S1,D1,loaded,6.995
189,S1,D1,loaded,6.4526
190,S1,D1,loaded,7.2836
191,S1,D1,loaded,6.8188
192,S1,D1,loaded,6.4607
193,S1,D1,loaded,7.0568
194,S1,D1,loaded,6.8315
195,S1,D1,loaded,7.1455
196,S1,D1,loaded,6.3969
197,S1,D1,loaded,6.7766
198,S1,D1,loaded,6.3972
199,S1,D1,loaded,7.2723
200,S1,D1,loaded,7.0136
201,S1,D1,loaded,6.4971
202,S1,D1,loaded,6.5631
203,S1,D1,loaded,7.1526
204,S1,D1,loaded,7.0006
205,S1,D1,loaded,6.8325
206,S1,D1,loaded,7.1467
207,S1,D1,loaded,6.6722
208,S1,D1,loaded,6.3126
209,S1,D1,loaded,7.0457
210,S1,D1,loaded,7.0969
211,S1,D1,loaded,6.4809
212,S1,D1,loaded,6.7279
213,S1,D1,loaded,6.4259
214,S1,D1,loaded,5.8795
215,S1,D1,loaded,6.7053
216,S1,D1,loaded,6.6985
217,S1,D1,loaded,6.7761
218,S1,D1,loaded,6.6351
219,S1,D1,loaded,7.1885
220,S1,D1,loaded,7.0265
221,S1,D1,loaded,6.3119
222,S1,D1,loaded,6.6906
223,S1,D1,loaded,6.6279
224,S1,D1,loaded,6.3871
225,S1,D1,loaded,6.1239
226,S1,D1,loaded,6.6245
227,S1,D1,loaded,6.5055
228,S1,D1,loaded,6.2893
229,S1,D1,loaded,6.2453
230,S1,D1,loaded,6.025
231,S1,D1,loaded,6.3038
232,S1,D1,loaded,7.2005
233,S1,D1,loaded,6.8729
234,S1,D1,loaded,7.2977
235,S1,D1,loaded,6.2028
236,S1,D1,loaded,7.2372
237,S1,D1,loaded,6.4818
238,S1,D1,loaded,6.6281
239,S1,D1,loaded,7.6832
240,S1,D1,loaded,7.1658
241,S1,D1,loaded,6.2
242,S1,D1,loaded,7.1763
243,S1,D1,loaded,6.9401
244,S1,D1,loaded,6.9325
245,S1,D1,loaded,6.7751
246,S1,D1,loaded,5.8162
247,S1,D1,loaded,6.2608
248,S1,D1,loaded,7.1374
249,S1,D1,loaded,7.1461
250,S1,D1,loaded,6.6818
251,S1,D1,loaded,6.4467
252,S1,D1,loaded,6.5846
253,S1,D1,loaded,6.3062
254,S1,D1,loaded,6.8683
255,S1,D1,loaded,6.5883
256,S1,D1,loaded,6.5417
257,S1,D1,loaded,6.8427
258,S1,D1,loaded,6.1458
259,S1,D1,loaded,6.8363
260,S1,D1,loaded,6.8124
261,S1,D1,loaded,6.1743
262,S1,D1,loaded,6.9779
263,S1,D1,loaded,6.7153
264,S1,D1,loaded,7.1861
265,S1,D1,loaded,6.369
266,S1,D1,loaded,6.5917
267,S1,D1,loaded,6.4891
268,S1,D1,loaded,6.7652
269,S1,D1,loaded,7.1849
270,S1,D1,loaded,5.8608
271,S1,D1,loaded,6.229
272,S1,D1,loaded,6.599
273,S1,D1,loaded,6.3884
274,S1,D1,loaded,6.0486
275,S1,D1,loaded,7.0017
276,S1,D1,loaded,6.9934
277,S1,D1,loaded,6.5827
278,S1,D1,loaded,6.4644
279,S1,D1,loaded,6.3088
280,S1,D1,loaded,7.146
281,S1,D1,loaded,7.3863
282,S1,D1,loaded,6.5445
283,S1,D1,loaded,6.768
284,S1,D1,loaded,6.6203
285,S1,D1,loaded,6.7986
286,S1,D1,loaded,7.0435
287,S1,D1,loaded,7.0791
288,S1,D1,loaded,7.4899
289,S1,D1,loaded,7.1071
290,S1,D1,loaded,6.5764
291,S1,D1,loaded,6.5694
292,S1,D1,loaded,6.6315
293,S1,D1,loaded,6.7365
294,S1,D1,loaded,7.2102
295,S1,D1,loaded,7.6334
296,S1,D1,loaded,6.6495
297,S1,D1,loaded,5.9855
298,S1,D1,loaded,6.6803
299,S1,D1,loaded,6.9271
300,S1,D1,loaded,6.4935
301,S1,D1,loaded,6.4331
302,S1,D1,loaded,6.6211
303,S1,D1,loaded,6.1908
304,S1,D1,loaded,6.0909
305,S1,D1,loaded,6.3527
306,S1,D1,loaded,6.6503
307,S1,D1,loaded,6.4327
308,S1,D1,loaded,7.1655
309,S1,D1,loaded,7.2031
310,S1,D1,loaded,7.2339
311,S1,D1,loaded,6.8727
312,S1,D1,loaded,6.9005
313,S1,D1,loaded,7.1473
314,S1,D1,loaded,7.4095
315,S1,D1,loaded,7.239
316,S1,D1,loaded,6.8294
317,S1,D1,loaded,6.5032
318,S1,D1,loaded,6.6338
319,S1,D1,loaded,5.992
320,S1,D1,loaded,6.4579
321,S1,D1,loaded,6.0313
322,S1,D1,loaded,6.5359
323,S1,D1,loaded,6.5239
324,S1,D1,loaded,6.7634
325,S1,D1,loaded,6.4925
326,S1,D1,loaded,6.7314
327,S1,D1,loaded,6.3397
328,S1,D1,loaded,6.0088
329,S1,D1,loaded,7.6137
330,S1,D1,loaded,6.3078
331,S1,D1,loaded,6.0544
332,S1,D1,loaded,6.9734
333,S1,D1,loaded,6.457
334,S1,D1,loaded,6.1273
335,S1,D1,loaded,6.2709
336,S1,D1,loaded,6.2138
337,S1,D1,loaded,6.3276
338,S1,D1,loaded,6.6575
339,S1,D1,loaded,6.8289
340,S1,D1,loaded,6.4019
341,S1,D1,loaded,7.1817
342,S1,D1,loaded,5.9061
343,S1,D1,loaded,6.8996
344,S1,D1,loaded,6.6715
345,S1,D1,loaded,7.125
346,S1,D1,loaded,7.0108
347,S1,D1,loaded,6.76
348,S1,D1,loaded,7.0517
349,S1,D1,loaded,6.5932
350,S1,D1,loaded,6.4358
351,S1,D1,loaded,6.4464
352,S1,D1,loaded,6.8743
353,S1,D1,loaded,6.4651
354,S1,D1,loaded,7.0625
355,S1,D1,loaded,6.7768
356,S1,D1,loaded,5.9152
357,S1,D1,loaded,7.2284
358,S1,D1,loaded,6.786
359,S1,D1,loaded,6.5004
360,S1,D1,loaded,7.3982
361,S1,D1,loaded,6.4652
362,S1,D1,loaded,6.4906
363,S1,D1,loaded,6.1915
364,S1,D1,loaded,6.3155
365,S1,D1,loaded,6.111
366,S1,D1,loaded,7.0418
367,S1,D1,loaded,6.0885
368,S1,D1,loaded,6.6868
369,S1,D1,loaded,6.3186
370,S1,D1,loaded,7.5644
371,S1,D1,loaded,6.1469
372,S1,D1,loaded,7.3495
373,S1,D1,loaded,5.982
374,S1,D1,loaded,5.9878
375,S1,D1,loaded,7.3914
376,S1,D1,loaded,7.0644
377,S1,D1,loaded,6.2036
378,S1,D1,loaded,7.6206
379,S1,D1,loaded,7.4201
380,S1,D1,loaded,6.8554
381,S1,D1,loaded,6.5314
382,S1,D1,loaded,6.3056
383,S1,D1,loaded,7.0143
384,S1,D1,loaded,6.6554
385,S1,D1,loaded,6.5
386,S1,D1,loaded,6.0283
387,S1,D1,loaded,7.2236
388,S1,D1,loaded,6.2349
389,S1,D1,loaded,6.8598
390,S1,D1,loaded,6.4506
391,S1,D1,loaded,6.478
392,S1,D1,loaded,7.3784
393,S1,D1,loaded,6.588
394,S1,D1,loaded,7.2364
395,S1,D1,loaded,6.684
396,S1,D1,loaded,6.5916
397,S1,D1,loaded,6.393
398,S1,D1,loaded,6.7687
399,S1,D1,loaded,6.6367
400,S1,D1,loaded,6.4496
401,S1,D1,loaded,7.0946
402,S1,D1,loaded,7.0225
403,S1,D1,loaded,7.1914
404,S1,D1,loaded,7.4106
405,S1,D1,loaded,7.2549
406,S1,D1,loaded,6.8833
407,S1,D1,loaded,6.971
408,S1,D1,loaded,6.7526
409,S1,D1,loaded,6.1603
410,S1,D1,loaded,6.5343
411,S1,D1,loaded,7.1194
412,S1,D1,loaded,6.4964
413,S1,D1,loaded,7.0208
414,S1,D1,loaded,6.2366
415,S1,D1,loaded,6.6428
416,S1,D1,loaded,7.0271
417,S1,D1,loaded,6.9917
418,S1,D1,loaded,6.7642
419,S1,D1,loaded,6.1975
420,S1,D1,loaded,6.8606
421,S1,D1,loaded,6.7949
422,S1,D1,loaded,6.8811
423,S1,D1,loaded,6.7026
424,S1,D1,loaded,6.6575
425,S1,D1,loaded,7.1902
426,S1,D1,loaded,6.9651
427,S1,D1,loaded,6.7294
428,S1,D1,loaded,7.2837
429,S1,D1,loaded,7.2294
430,S1,D1,loaded,6.7235
431,S1,D1,loaded,6.6538
432,S1,D1,loaded,6.7363
433,S1,D1,loaded,6.9352
434,S1,D1,loaded,6.713
435,S1,D1,loaded,6.9175
436,S1,D1,loaded,7.0965
437,S1,D1,loaded,6.3808
438,S1,D1,loaded,6.5798
439,S1,D1,loaded,7.1311
440,S1,D1,loaded,7.1295
441,S1,D1,loaded,7.1122
442,S1,D1,loaded,6.4181
443,S1,D1,loaded,7.1256
444,S1,D1,loaded,6.5691
445,S1,D1,loaded,6.4531
446,S1,D1,loaded,6.8801
447,S1,D1,loaded,5.9
448,S1,D1,loaded,7.4718
449,S1,D1,loaded,6.9437
450,S1,D1,loaded,6.2263
451,S1,D1,loaded,6.3729
452,S1,D1,loaded,6.7842
453,S1,D1,loaded,6.5292
454,S1,D1,loaded,6.5321
455,S1,D1,loaded,6.6702
456,S1,D1,loaded,6.9081
457,S1,D1,loaded,7.0648
458,S1,D1,loaded,7.3735
459,S1,D1,loaded,5.7883
460,S1,D1,loaded,6.5066
461,S1,D1,loaded,6.7336
462,S1,D1,loaded,6.8341
463,S1,D1,loaded,6.7424
464,S1,D1,loaded,6.357
465,S1,D1,loaded,7.4342
466,S1,D1,loaded,7.0994
467,S1,D1,loaded,6.6907
468,S1,D1,loaded,6.4915
469,S1,D1,loaded,7.2949
470,S1,D1,loaded,6.3477
471,S1,D1,loaded,6.1166
472,S1,D1,loaded,7.3852
473,S1,D1,loaded,7.0738
474,S1,D1,loaded,6.5957
475,S1,D1,loaded,6.5206
476,S1,D1,loaded,6.6359
477,S1,D1,loaded,6.685
478,S1,D1,loaded,6.5336
479,S1,D1,loaded,6.0357
480,S1,D1,loaded,7.0838
481,S1,D1,loaded,6.4391
482,S1,D1,loaded,6.3051
483,S1,D1,loaded,6.7571
484,S1,D1,loaded,7.3227
485,S1,D1,loaded,6.3711
486,S1,D1,loaded,6.6982
487,S1,D1,loaded,7.1907
488,S1,D1,loaded,6.6535
489,S1,D1,loaded,7.0401
490,S1,D1,loaded,6.4669
491,S1,D1,loaded,6.0307
492,S1,D1,loaded,5.9969
493,S1,D1,loaded,6.4495
494,S1,D1,loaded,6.7724
495,S1,D1,loaded,6.0274
496,S1,D1,loaded,6.5169
497,S1,D1,loaded,5.9983
498,S1,D1,loaded,6.1991
499,S1,D1,loaded,6.7399
500,S1,D1,loaded,7.0855
1,S1,D2,loaded,8.2634
2,S1,D2,loaded,8.1802
3,S1,D2,loaded,8.9868
4,S1,D2,loaded,7.2093
5,S1,D2,loaded,8.4659
6,S1,D2,loaded,8.0711
7,S1,D2,loaded,8.6348
8,S1,D2,loaded,8.3918
9,S1,D2,loaded,8.0016
10,S1,D2,loaded,7.572
11,S1,D2,loaded,8.7892
12,S1,D2,loaded,7.916
13,S1,D2,loaded,7.6094
14,S1,D2,loaded,7.5398
15,S1,D2,loaded,7.9823
16,S1,D2,loaded,8.1982
17,S1,D2,loaded,8.514
18,S1,D2,loaded,8.6125
19,S1,D2,loaded,8.7064
20,S1,D2,loaded,7.426
21,S1,D2,loaded,8.5974
22,S1,D2,loaded,8.6124
23,S1,D2,loaded,7.4988
24,S1,D2,loaded,8.3859
25,S1,D2,loaded,7.3833
26,S1,D2,loaded,7.799
27,S1,D2,loaded,7.7367
28,S1,D2,loaded,7.3839
29,S1,D2,loaded,7.7955
30,S1,D2,loaded,8.717
31,S1,D2,loaded,7.3761
32,S1,D2,loaded,8.2222
33,S1,D2,loaded,7.8063
34,S1,D2,loaded,9.0727
35,S1,D2,loaded,8.0205
36,S1,D2,loaded,7.717
37,S1,D2,loaded,7.7394
38,S1,D2,loaded,8.1748
39,S1,D2,loaded,8.3275
40,S1,D2,loaded,8.4706
41,S1,D2,loaded,8.3649
42,S1,D2,loaded,7.7742
43,S1,D2,loaded,8.4386
44,S1,D2,loaded,8.1207
45,S1,D2,loaded,7.1473
46,S1,D2,loaded,7.5365
47,S1,D2,loaded,8.0794
48,S1,D2,loaded,9.0902
49,S1,D2,loaded,7.8267
50,S1,D2,loaded,8.6125
51,S1,D2,loaded,8.9554
52,S1,D2,loaded,8.3619
53,S1,D2,loaded,8.7195
54,S1,D2,loaded,7.9957
55,S1,D2,loaded,8.2372
56,S1,D2,loaded,7.7243
57,S1,D2,loaded,7.9525
58,S1,D2,loaded,8.8078
59,S1,D2,loaded,8.1324
60,S1,D2,loaded,7.5967
61,S1,D2,loaded,8.4766
62,S1,D2,loaded,8.8577
63,S1,D2,loaded,7.9493
64,S1,D2,loaded,7.8882
65,S1,D2,loaded,7.7348
66,S1,D2,loaded,7.6591
67,S1,D2,loaded,7.7259
68,S1,D2,loaded,7.9081
69,S1,D2,loaded,7.609
70,S1,D2,loaded,8.0802
71,S1,D2,loaded,7.1571
72,S1,D2,loaded,8.5993
73,S1,D2,loaded,8.3708
74,S1,D2,loaded,9.4071
75,S1,D2,loaded,8.3469
76,S1,D2,loaded,7.9784
77,S1,D2,loaded,7.3926
78,S1,D2,loaded,8.4124
79,S1,D2,loaded,8.1451
80,S1,D2,loaded,7.9822
81,S1,D2,loaded,8.6133
82,S1,D2,loaded,7.7359
83,S1,D2,loaded,7.8908
84,S1,D2,loaded,8.9137
85,S1,D2,loaded,7.7497
86,S1,D2,loaded,8.55
87,S1,D2,loaded,8.9056
88,S1,D2,loaded,7.5483
89,S1,D2,loaded,8.7332
90,S1,D2,loaded,8.5348
91,S1,D2,loaded,7.6019
92,S1,D2,loaded,9.2904
93,S1,D2,loaded,7.6376
94,S1,D2,loaded,7.5538
95,S1,D2,loaded,8.4362
96,S1,D2,loaded,7.8655
97,S1,D2,loaded,7.5095
98,S1,D2,loaded,9.0899
99,S1,D2,loaded,7.7314
100,S1,D2,loaded,7.854
101,S1,D2,loaded,7.5549
102,S1,D2,loaded,8.2113
103,S1,D2,loaded,7.3759
104,S1,D2,loaded,8.2432
105,S1,D2,loaded,8.3294
106,S1,D2,loaded,8.234
107,S1,D2,loaded,7.9063
108,S1,D2,loaded,8.6758
109,S1,D2,loaded,8.1932
110,S1,D2,loaded,7.2866
111,S1,D2,loaded,7.5062
112,S1,D2,loaded,7.6421
113,S1,D2,loaded,8.3213
114,S1,D2,loaded,7.8174
115,S1,D2,loaded,8.4288
116,S1,D2,loaded,8.2117
117,S1,D2,loaded,8.776
118,S1,D2,loaded,7.8931
119,S1,D2,loaded,8.3275
120,S1,D2,loaded,8.2104
121,S1,D2,loaded,8.6294
122,S1,D2,loaded,8.7707
123,S1,D2,loaded,7.8173
124,S1,D2,loaded,8.3809
125,S1,D2,loaded,8.2814
126,S1,D2,loaded,8.1146
127,S1,D2,loaded,8.8164
128,S1,D2,loaded,8.4006
129,S1,D2,loaded,7.8073
130,S1,D2,loaded,8.554
131,S1,D2,loaded,8.2774
132,S1,D2,loaded,8.9742
133,S1,D2,loaded,7.9714
134,S1,D2,loaded,7.6316
135,S1,D2,loaded,7.3582
136,S1,D2,loaded,8.4885
137,S1,D2,loaded,8.3474
138,S1,D2,loaded,8.0576
139,S1,D2,loaded,8.3019
140,S1,D2,loaded,8.3763
141,S1,D2,loaded,8.888
142,S1,D2,loaded,8.0539
143,S1,D2,loaded,7.6335
144,S1,D2,loaded,7.7956
145,S1,D2,loaded,8.2083
146,S1,D2,loaded,7.8416
147,S1,D2,loaded,8.4938
148,S1,D2,loaded,8.2641
149,S1,D2,loaded,7.6023
150,S1,D2,loaded,7.8953
151,S1,D2,loaded,8.7145
152,S1,D2,loaded,7.4447
153,S1,D2,loaded,8.5214
154,S1,D2,loaded,8.7033
155,S1,D2,loaded,8.454
156,S1,D2,loaded,8.0687
157,S1,D2,loaded,7.8704
158,S1,D2,loaded,9.1722
159,S1,D2,loaded,8.8696
160,S1,D2,loaded,8.0206
161,S1,D2,loaded,8.5743
162,S1,D2,loaded,8.003
163,S1,D2,loaded,7.6141
164,S1,D2,loaded,7.479
165,S1,D2,loaded,8.5896
166,S1,D2,loaded,8.3809
167,S1,D2,loaded,8.0772
168,S1,D2,loaded,7.4922
169,S1,D2,loaded,7.9134
170,S1,D2,loaded,8.3393
171,S1,D2,loaded,8.9305
172,S1,D2,loaded,9.2158
173,S1,D2,loaded,8.0638
174,S1,D2,loaded,7.5858
175,S1,D2,loaded,7.7056
176,S1,D2,loaded,7.5465
177,S1,D2,loaded,8.8262
178,S1,D2,loaded,8.8192
179,S1,D2,loaded,8.629
180,S1,D2,loaded,8.6542
181,S1,D2,loaded,7.6112
182,S1,D2,loaded,8.6653
183,S1,D2,loaded,7.9425
184,S1,D2,loaded,9.1899
185,S1,D2,loaded,8.2875
186,S1,D2,loaded,8.069
187,S1,D2,loaded,8.4214
188,S1,D2,loaded,7.7847
189,S1,D2,loaded,8.0743
190,S1,D2,loaded,8.647
191,S1,D2,loaded,8.8751
192,S1,D2,loaded,8.1602
193,S1,D2,loaded,7.9108
194,S1,D2,loaded,8.5553
195,S1,D2,loaded,9.008
196,S1,D2,loaded,8.0834
197,S1,D2,loaded,7.5644
198,S1,D2,loaded,7.9395
199,S1,D2,loaded,8.1166
200,S1,D2,loaded,7.5191
201,S1,D2,loaded,8.7546
202,S1,D2,loaded,7.932
203,S1,D2,loaded,7.2744
204,S1,D2,loaded,8.7124
205,S1,D2,loaded,8.5245
206,S1,D2,loaded,7.235
207,S1,D2,loaded,8.0419
208,S1,D2,loaded,7.8138
209,S1,D2,loaded,8.7303
210,S1,D2,loaded,8.362
211,S1,D2,loaded,8.5218
212,S1,D2,loaded,8.0705
213,S1,D2,loaded,8.7111
214,S1,D2,loaded,8.6652
215,S1,D2,loaded,8.185
216,S1,D2,loaded,7.8241
217,S1,D2,loaded,8.5967
218,S1,D2,loaded,8.2992
219,S1,D2,loaded,8.3353
220,S1,D2,loaded,8.1336
221,S1,D2,loaded,7.9798
222,S1,D2,loaded,8.1258
223,S1,D2,loaded,8.1906
224,S1,D2,loaded,7.6627
225,S1,D2,loaded,8.0062
226,S1,D2,loaded,8.1203
227,S1,D2,loaded,8.4369
228,S1,D2,loaded,7.7637
229,S1,D2,loaded,7.9795
230,S1,D2,loaded,7.2606
231,S1,D2,loaded,7.8437
232,S1,D2,loaded,8.0898
233,S1,D2,loaded,7.8319
234,S1,D2,loaded,7.5253
235,S1,D2,loaded,8.6019
236,S1,D2,loaded,7.9885
237,S1,D2,loaded,8.2929
238,S1,D2,loaded,7.6608
239,S1,D2,loaded,7.6091
240,S1,D2,loaded,8.1986
241,S1,D2,loaded,7.8226
242,S1,D2,loaded,9.2345
243,S1,D2,loaded,8.7617
244,S1,D2,loaded,7.4046
245,S1,D2,loaded,8.346
246,S1,D2,loaded,7.9587
247,S1,D2,loaded,8.6006
248,S1,D2,loaded,8.893
249,S1,D2,loaded,7.7549
250,S1,D2,loaded,8.1381
251,S1,D2,loaded,7.8693
252,S1,D2,loaded,7.8489
253,S1,D2,loaded,8.6184
254,S1,D2,loaded,8.4943
255,S1,D2,loaded,8.8053
256,S1,D2,loaded,8.6873
257,S1,D2,loaded,9.1946
258,S1,D2,loaded,7.8462
259,S1,D2,loaded,7.5104
260,S1,D2,loaded,7.9404
261,S1,D2,loaded,7.4901
262,S1,D2,loaded,8.8033
263,S1,D2,loaded,8.9529
264,S1,D2,loaded,7.7795
265,S1,D2,loaded,7.8335
266,S1,D2,loaded,8.3664
267,S1,D2,loaded,7.6155
268,S1,D2,loaded,8.8609
269,S1,D2,loaded,8.1287
270,S1,D2,loaded,8.2311
271,S1,D2,loaded,9.2978
272,S1,D2,loaded,8.718
273,S1,D2,loaded,7.4827
274,S1,D2,loaded,7.1142
275,S1,D2,loaded,7.9809
276,S1,D2,loaded,7.6635
277,S1,D2,loaded,8.1898
278,S1,D2,loaded,8.4253
279,S1,D2,loaded,7.6646
280,S1,D2,loaded,7.8654
281,S1,D2,loaded,8.685
282,S1,D2,loaded,7.9957
283,S1,D2,loaded,8.9754
284,S1,D2,loaded,8.0336
285,S1,D2,loaded,7.8274
286,S1,D2,loaded,7.9108
287,S1,D2,loaded,7.8312
288,S1,D2,loaded,7.858
289,S1,D2,loaded,8.2567
290,S1,D2,loaded,8.2695
291,S1,D2,loaded,7.5427
292,S1,D2,loaded,7.3467
293,S1,D2,loaded,8.9187
294,S1,D2,loaded,8.1418
295,S1,D2,loaded,7.5732
296,S1,D2,loaded,7.9246
297,S1,D2,loaded,7.4939
298,S1,D2,loaded,8.6919
299,S1,D2,loaded,8.9175
300,S1,D2,loaded,8.858
301,S1,D2,loaded,7.3063
302,S1,D2,loaded,8.2722
303,S1,D2,loaded,8.1095
304,S1,D2,loaded,7.32
305,S1,D2,loaded,8.4854
306,S1,D2,loaded,7.9863
307,S1,D2,loaded,7.7698
308,S1,D2,loaded,8.3035
309,S1,D2,loaded,7.7736
310,S1,D2,loaded,7.987
311,S1,D2,loaded,8.424
312,S1,D2,loaded,7.7154
313,S1,D2,loaded,7.4638
314,S1,D2,loaded,8.8106
315,S1,D2,loaded,8.1632
316,S1,D2,loaded,8.8996
317,S1,D2,loaded,8.1319
318,S1,D2,loaded,8.1427
319,S1,D2,loaded,8.3252
320,S1,D2,loaded,8.9067
321,S1,D2,loaded,7.9717
322,S1,D2,loaded,8.2613
323,S1,D2,loaded,7.3646
324,S1,D2,loaded,8.01
325,S1,D2,loaded,7.9115
326,S1,D2,loaded,8.6526
327,S1,D2,loaded,9.1606
328,S1,D2,loaded,8.3917
329,S1,D2,loaded,7.4965
330,S1,D2,loaded,7.9468
331,S1,D2,loaded,8.3844
332,S1,D2,loaded,8.173
333,S1,D2,loaded,7.5991
334,S1,D2,loaded,8.5048
335,S1,D2,loaded,8.3848
336,S1,D2,loaded,8.0034
337,S1,D2,loaded,8.4835
338,S1,D2,loaded,7.9185
339,S1,D2,loaded,7.4745
340,S1,D2,loaded,7.4488
341,S1,D2,loaded,8.5443
342,S1,D2,loaded,7.732
343,S1,D2,loaded,8.3844
344,S1,D2,loaded,8.2045
345,S1,D2,loaded,8.7945
346,S1,D2,loaded,8.6254
347,S1,D2,loaded,8.8833
348,S1,D2,loaded,7.9319
349,S1,D2,loaded,7.9028
350,S1,D2,loaded,8.6328
351,S1,D2,loaded,8.1104
352,S1,D2,loaded,8.5365
353,S1,D2,loaded,7.4958
354,S1,D2,loaded,7.7962
355,S1,D2,loaded,8.2394
356,S1,D2,loaded,7.3449
357,S1,D2,loaded,8.5507
358,S1,D2,loaded,8.1067
359,S1,D2,loaded,8.3983
360,S1,D2,loaded,7.8845
361,S1,D2,loaded,8.114
362,S1,D2,loaded,8.3543
363,S1,D2,loaded,7.4871
364,S1,D2,loaded,7.9171
365,S1,D2,loaded,8.4239
366,S1,D2,loaded,7.8758
367,S1,D2,loaded,8.6691
368,S1,D2,loaded,7.9816
369,S1,D2,loaded,8.4559
370,S1,D2,loaded,8.3042
371,S1,D2,loaded,8.8872
372,S1,D2,loaded,8.0301
373,S1,D2,loaded,8.5475
374,S1,D2,loaded,8.2317
375,S1,D2,loaded,7.976
376,S1,D2,loaded,7.4314
377,S1,D2,loaded,8.5304
378,S1,D2,loaded,8.2099
379,S1,D2,loaded,7.5093
380,S1,D2,loaded,7.8028
381,S1,D2,loaded,7.6776
382,S1,D2,loaded,9.1971
383,S1,D2,loaded,8.7915
384,S1,D2,loaded,8.3099
385,S1,D2,loaded,8.3603
386,S1,D2,loaded,8.5094
387,S1,D2,loaded,8.3491
388,S1,D2,loaded,9.3212
389,S1,D2,loaded,7.915
390,S1,D2,loaded,8.2962
391,S1,D2,loaded,7.7711
392,S1,D2,loaded,8.2241
393,S1,D2,loaded,7.4623
394,S1,D2,loaded,7.9154
395,S1,D2,loaded,7.7355
396,S1,D2,loaded,8.0311
397,S1,D2,loaded,7.4224
398,S1,D2,loaded,8.7485
399,S1,D2,loaded,8.7108
400,S1,D2,loaded,8.2815
401,S1,D2,loaded,8.4555
402,S1,D2,loaded,8.2997
403,S1,D2,loaded,7.3784
404,S1,D2,loaded,7.981
405,S1,D2,loaded,7.6281
406,S1,D2,loaded,7.8815
407,S1,D2,loaded,7.8963
408,S1,D2,loaded,7.4723
409,S1,D2,loaded,7.5801
410,S1,D2,loaded,7.6315
411,S1,D2,loaded,8.9078
412,S1,D2,loaded,8.2876
413,S1,D2,loaded,8.6961
414,S1,D2,loaded,7.6876
415,S1,D2,loaded,8.3269
416,S1,D2,loaded,7.3499
417,S1,D2,loaded,8.8799
418,S1,D2,loaded,7.471
419,S1,D2,loaded,8.5297
420,S1,D2,loaded,8.0734
421,S1,D2,loaded,7.3233
422,S1,D2,loaded,8.9233
423,S1,D2,loaded,8.0174
424,S1,D2,loaded,8.1098
425,S1,D2,loaded,7.8249
426,S1,D2,loaded,7.2916
427,S1,D2,loaded,7.9507
428,S1,D2,loaded,8.79
429,S1,D2,loaded,7.6935
430,S1,D2,loaded,7.5104
431,S1,D2,loaded,7.7864
432,S1,D2,loaded,7.6225
433,S1,D2,loaded,8.9048
434,S1,D2,loaded,8.4158
435,S1,D2,loaded,8.2984
436,S1,D2,loaded,7.4821
437,S1,D2,loaded,9.3149
438,S1,D2,loaded,7.663
439,S1,D2,loaded,8.3903
440,S1,D2,loaded,8.3289
441,S1,D2,loaded,7.9385
442,S1,D2,loaded,7.6979
443,S1,D2,loaded,7.849
444,S1,D2,loaded,7.9666
445,S1,D2,loaded,8.7378
446,S1,D2,loaded,7.5879
447,S1,D2,loaded,8.1302
448,S1,D2,loaded,8.3492
449,S1,D2,loaded,8.7976
450,S1,D2,loaded,8.1869
451,S1,D2,loaded,7.8595
452,S1,D2,loaded,7.7409
453,S1,D2,loaded,8.2315
454,S1,D2,loaded,8.1145
455,S1,D2,loaded,8.5382
456,S1,D2,loaded,7.8515
457,S1,D2,loaded,7.7792
458,S1,D2,loaded,8.3374
459,S1,D2,loaded,8.4545
460,S1,D2,loaded,7.5578
461,S1,D2,loaded,8.2526
462,S1,D2,loaded,7.9162
463,S1,D2,loaded,7.6651
464,S1,D2,loaded,8.2917
465,S1,D2,loaded,8.3003
466,S1,D2,loaded,8.0278
467,S1,D2,loaded,7.912
468,S1,D2,loaded,8.2506
469,S1,D2,loaded,8.4784
470,S1,D2,loaded,8.2426
471,S1,D2,loaded,8.535
472,S1,D2,loaded,8.2155
473,S1,D2,loaded,7.7741
474,S1,D2,loaded,8.0796
475,S1,D2,loaded,7.8393
476,S1,D2,loaded,7.2627
477,S1,D2,loaded,7.7658
478,S1,D2,loaded,8.2215
479,S1,D2,loaded,8.1971
480,S1,D2,loaded,9.1219
481,S1,D2,loaded,7.8458
482,S1,D2,loaded,8.6094
483,S1,D2,loaded,8.6536
484,S1,D2,loaded,8.3607
485,S1,D2,loaded,8.5879
486,S1,D2,loaded,8.5046
487,S1,D2,loaded,8.0379
488,S1,D2,loaded,7.7983
489,S1,D2,loaded,8.0986
490,S1,D2,loaded,8.1462
491,S1,D2,loaded,8.4189
492,S1,D2,loaded,7.2075
493,S1,D2,loaded,8.2704
494,S1,D2,loaded,7.5853
495,S1,D2,loaded,7.6736
496,S1,D2,loaded,8.664
497,S1,D2,loaded,8.5141
498,S1,D2,loaded,8.7886
499,S1,D2,loaded,7.3243
500,S1,D2,loaded,7.5363
1,S2,D1,loaded,9.0437
2,S2,D1,loaded,9.8903
3,S2,D1,loaded,8.7944
4,S2,D1,loaded,10.2984
5,S2,D1,loaded,9.8251
6,S2,D1,loaded,10.3621
7,S2,D1,loaded,10.3079
8,S2,D1,loaded,9.8159
9,S2,D1,loaded,10.0216
10,S2,D1,loaded,9.2043
11,S2,D1,loaded,8.7813
12,S2,D1,loaded,9.5643
13,S2,D1,loaded,10.2709
14,S2,D1,loaded,10.1277
15,S2,D1,loaded,9.5236
16,S2,D1,loaded,9.167
17,S2,D1,loaded,9.1595
18,S2,D1,loaded,8.8861
19,S2,D1,loaded,8.8558
20,S2,D1,loaded,9.8621
21,S2,D1,loaded,9.3416
22,S2,D1,loaded,8.9948
23,S2,D1,loaded,9.392
24,S2,D1,loaded,8.5465
25,S2,D1,loaded,8.4672
26,S2,D1,loaded,9.1929
27,S2,D1,loaded,8.7075
28,S2,D1,loaded,9.1627
29,S2,D1,loaded,8.8351
30,S2,D1,loaded,9.037
31,S2,D1,loaded,9.1315
32,S2,D1,loaded,10.2824
33,S2,D1,loaded,8.3061
34,S2,D1,loaded,9.228
35,S2,D1,loaded,8.8106
36,S2,D1,loaded,8.8259
37,S2,D1,loaded,9.1293
38,S2,D1,loaded,9.6773
39,S2,D1,loaded,9.1578
40,S2,D1,loaded,10.1071
41,S2,D1,loaded,9.436
42,S2,D1,loaded,8.7279
43,S2,D1,loaded,8.8909
44,S2,D1,loaded,10.689
45,S2,D1,loaded,8.8896
46,S2,D1,loaded,9.3476
47,S2,D1,loaded,8.8832
48,S2,D1,loaded,9.8674
49,S2,D1,loaded,9.5409
50,S2,D1,loaded,9.4647
51,S2,D1,loaded,9.6268
52,S2,D1,loaded,9.3102
53,S2,D1,loaded,10.0404
54,S2,D1,loaded,10.42
55,S2,D1,loaded,8.5718
56,S2,D1,loaded,9.9797
57,S2,D1,loaded,10.129
58,S2,D1,loaded,9.0066
59,S2,D1,loaded,9.3632
60,S2,D1,loaded,9.7779
61,S2,D1,loaded,9.8953
62,S2,D1,loaded,9.0041
63,S2,D1,loaded,8.6391
64,S2,D1,loaded,9.7976
65,S2,D1,loaded,10.2409
66,S2,D1,loaded,9.09
67,S2,D1,loaded,9.566
68,S2,D1,loaded,10.3734
69,S2,D1,loaded,10.0682
70,S2,D1,loaded,8.9759
71,S2,D1,loaded,8.7135
72,S2,D1,loaded,10.3912
73,S2,D1,loaded,9.6981
74,S2,D1,loaded,10.1879
75,S2,D1,loaded,9.6404
76,S2,D1,loaded,9.5898
77,S2,D1,loaded,9.2003
78,S2,D1,loaded,9.523
79,S2,D1,loaded,8.8452
80,S2,D1,loaded,9.7715
81,S2,D1,loaded,9.3001
82,S2,D1,loaded,9.9663
83,S2,D1,loaded,10.1465
84,S2,D1,loaded,9.3634
85,S2,D1,loaded,10.16
86,S2,D1,loaded,8.7583
87,S2,D1,loaded,9.4988
88,S2,D1,loaded,8.6772
89,S2,D1,loaded,9.7209
90,S2,D1,loaded,8.9723
91,S2,D1,loaded,9.3237
92,S2,D1,loaded,9.1584
93,S2,D1,loaded,9.4168
94,S2,D1,loaded,10.0998
95,S2,D1,loaded,10.3045
96,S2,D1,loaded,9.1557
97,S2,D1,loaded,9.6477
98,S2,D1,loaded,9.1795
99,S2,D1,loaded,9.6675
100,S2,D1,loaded,10.5736
101,S2,D1,loaded,8.5157
102,S2,D1,loaded,9.3836
103,S2,D1,loaded,9.3153
104,S2,D1,loaded,9.678
105,S2,D1,loaded,9.1486
106,S2,D1,loaded,9.3039
107,S2,D1,loaded,9.4977
108,S2,D1,loaded,9.9596
109,S2,D1,loaded,9.8751
110,S2,D1,loaded,9.9897
111,S2,D1,loaded,8.7979
112,S2,D1,loaded,8.9535
113,S2,D1,loaded,8.8567
114,S2,D1,loaded,9.6675
115,S2,D1,loaded,9.3725
116,S2,D1,loaded,9.3304
117,S2,D1,loaded,8.8713
118,S2,D1,loaded,9.4382
119,S2,D1,loaded,9.1755
120,S2,D1,loaded,9.185
121,S2,D1,loaded,9.7614
122,S2,D1,loaded,9.314
123,S2,D1,loaded,10.1892
124,S2,D1,loaded,9.1081
125,S2,D1,loaded,8.7027
126,S2,D1,loaded,9.7931
127,S2,D1,loaded,9.4561
128,S2,D1,loaded,10.4277
129,S2,D1,loaded,9.5588
130,S2,D1,loaded,8.8742
131,S2,D1,loaded,10.0238
132,S2,D1,loaded,9.0627
133,S2,D1,loaded,9.7043
134,S2,D1,loaded,8.8029
135,S2,D1,loaded,9.5107
136,S2,D1,loaded,9.2119
137,S2,D1,loaded,9.5353
138,S2,D1,loaded,8.8327
139,S2,D1,loaded,9.5934
140,S2,D1,loaded,9.2507
141,S2,D1,loaded,8.7011
142,S2,D1,loaded,10.4428
143,S2,D1,loaded,9.2599
144,S2,D1,loaded,9.0865
145,S2,D1,loaded,9.151
146,S2,D1,loaded,9.5224
147,S2,D1,loaded,8.8563
148,S2,D1,loaded,9.0506
149,S2,D1,loaded,8.7752
150,S2,D1,loaded,9.8497
151,S2,D1,loaded,8.6781
152,S2,D1,loaded,9.5958
153,S2,D1,loaded,9.865
154,S2,D1,loaded,9.4561
155,S2,D1,loaded,9.3653
156,S2,D1,loaded,8.5258
157,S2,D1,loaded,10.039
158,S2,D1,loaded,8.8549
159,S2,D1,loaded,9.6753
160,S2,D1,loaded,9.6083
161,S2,D1,loaded,8.9579
162,S2,D1,loaded,8.5427
163,S2,D1,loaded,8.7467
164,S2,D1,loaded,9.9349
165,S2,D1,loaded,8.9838
166,S2,D1,loaded,9.4597
167,S2,D1,loaded,9.4563
168,S2,D1,loaded,8.7563
169,S2,D1,loaded,10.4234
170,S2,D1,loaded,8.9622
171,S2,D1,loaded,8.6165
172,S2,D1,loaded,9.2063
173,S2,D1,loaded,9.31
174,S2,D1,loaded,9.7935
175,S2,D1,loaded,8.6302
176,S2,D1,loaded,9.8662
177,S2,D1,loaded,8.4195
178,S2,D1,loaded,9.3125
179,S2,D1,loaded,9.7501
180,S2,D1,loaded,10.0255
181,S2,D1,loaded,9.0274
182,S2,D1,loaded,8.9814
183,S2,D1,loaded,8.7988
184,S2,D1,loaded,9.371
185,S2,D1,loaded,10.1217
186,S2,D1,loaded,9.6375
187,S2,D1,loaded,9.7892
188,S2,D1,loaded,9.7623
189,S2,D1,loaded,8.757
190,S2,D1,loaded,9.7835
191,S2,D1,loaded,9.316
192,S2,D1,loaded,9.7801
193,S2,D1,loaded,9.6617
194,S2,D1,loaded,9.5791
195,S2,D1,loaded,9.6608
196,S2,D1,loaded,8.4042
197,S2,D1,loaded,8.9883
198,S2,D1,loaded,9.2241
199,S2,D1,loaded,9.8169
200,S2,D1,loaded,10.5287
201,S2,D1,loaded,8.8418
202,S2,D1,loaded,10.2778
203,S2,D1,loaded,9.3334
204,S2,D1,loaded,10.3403
205,S2,D1,loaded,9.6065
206,S2,D1,loaded,10.1255
207,S2,D1,loaded,8.8909
208,S2,D1,loaded,9.4795
209,S2,D1,loaded,9.762
210,S2,D1,loaded,10.3666
211,S2,D1,loaded,8.6764
212,S2,D1,loaded,10.0385
213,S2,D1,loaded,9.0721
214,S2,D1,loaded,9.0325
215,S2,D1,loaded,10.1109
216,S2,D1,loaded,9.3328
217,S2,D1,loaded,9.1739
218,S2,D1,loaded,8.7629
219,S2,D1,loaded,10.4255
220,S2,D1,loaded,9.5198
221,S2,D1,loaded,10.0546
222,S2,D1,loaded,9.8731
223,S2,D1,loaded,10.2516
224,S2,D1,loaded,9.0579
225,S2,D1,loaded,10.3932
226,S2,D1,loaded,9.6653
227,S2,D1,loaded,9.5711
228,S2,D1,loaded,9.4141
229,S2,D1,loaded,8.5419
230,S2,D1,loaded,9.3324
231,S2,D1,loaded,9.6095
232,S2,D1,loaded,9.1474
233,S2,D1,loaded,8.7951
234,S2,D1,loaded,9.9102
235,S2,D1,loaded,9.5452
236,S2,D1,loaded,9.5772
237,S2,D1,loaded,10.0902
238,S2,D1,loaded,8.8017
239,S2,D1,loaded,8.6861
240,S2,D1,loaded,9.5884
241,S2,D1,loaded,8.4095
242,S2,D1,loaded,9.562
243,S2,D1,loaded,10.265
244,S2,D1,loaded,9.9987
245,S2,D1,loaded,9.1087
246,S2,D1,loaded,9.5605
247,S2,D1,loaded,9.5471
248,S2,D1,loaded,9.7265
249,S2,D1,loaded,9.5144
250,S2,D1,loaded,9.7434
251,S2,D1,loaded,8.8031
252,S2,D1,loaded,9.393
253,S2,D1,loaded,8.6142
254,S2,D1,loaded,9.9603
255,S2,D1,loaded,9.4226
256,S2,D1,loaded,8.6902
257,S2,D1,loaded,8.8212
258,S2,D1,loaded,8.9056
259,S2,D1,loaded,9.2829
260,S2,D1,loaded,9.4583
261,S2,D1,loaded,8.9798
262,S2,D1,loaded,9.0503
263,S2,D1,loaded,8.8873
264,S2,D1,loaded,8.398
265,S2,D1,loaded,9.2152
266,S2,D1,loaded,9.2794
267,S2,D1,loaded,9.6533
268,S2,D1,loaded,9.4369
269,S2,D1,loaded,9.0874
270,S2,D1,loaded,9.7342
271,S2,D1,loaded,10.2235
272,S2,D1,loaded,8.9577
273,S2,D1,loaded,9.379
274,S2,D1,loaded,10.0261
275,S2,D1,loaded,9.3066
276,S2,D1,loaded,9.342
277,S2,D1,loaded,9.2331
278,S2,D1,loaded,9.83
279,S2,D1,loaded,9.9494
280,S2,D1,loaded,9.4914
281,S2,D1,loaded,9.3092
282,S2,D1,loaded,8.9479
283,S2,D1,loaded,10.6655
284,S2,D1,loaded,10.2476
285,S2,D1,loaded,9.9765
286,S2,D1,loaded,10.4806
287,S2,D1,loaded,9.21
288,S2,D1,loaded,10.1474
289,S2,D1,loaded,9.7236
290,S2,D1,loaded,8.8137
291,S2,D1,loaded,9.5236
292,S2,D1,loaded,9.0637
293,S2,D1,loaded,10.6652
294,S2,D1,loaded,10.2591
295,S2,D1,loaded,8.2702
296,S2,D1,loaded,8.9484
297,S2,D1,loaded,8.9901
298,S2,D1,loaded,9.862
299,S2,D1,loaded,10.7099
300,S2,D1,loaded,9.5883
301,S2,D1,loaded,9.5113
302,S2,D1,loaded,10.1345
303,S2,D1,loaded,9.5144
304,S2,D1,loaded,8.89
305,S2,D1,loaded,8.8472
306,S2,D1,loaded,9.9173
307,S2,D1,loaded,8.7721
308,S2,D1,loaded,10.3239
309,S2,D1,loaded,8.9997
310,S2,D1,loaded,9.2396
311,S2,D1,loaded,9.0807
312,S2,D1,loaded,9.277
313,S2,D1,loaded,9.3855
314,S2,D1,loaded,8.9058
315,S2,D1,loaded,8.5346
316,S2,D1,loaded,10.1848
317,S2,D1,loaded,10.131
318,S2,D1,loaded,8.8028
319,S2,D1,loaded,9.4006
320,S2,D1,loaded,8.8608
321,S2,D1,loaded,9.608
322,S2,D1,loaded,9.1087
323,S2,D1,loaded,9.5068
324,S2,D1,loaded,9.5813
325,S2,D1,loaded,9.634
326,S2,D1,loaded,9.2425
327,S2,D1,loaded,9.4101
328,S2,D1,loaded,10.123
329,S2,D1,loaded,9.3836
330,S2,D1,loaded,10.3289
331,S2,D1,loaded,8.5239
332,S2,D1,loaded,9.4119
333,S2,D1,loaded,8.8584
334,S2,D1,loaded,9.9995
335,S2,D1,loaded,9.5736
336,S2,D1,loaded,9.5013
337,S2,D1,loaded,9.394
338,S2,D1,loaded,10.1929
339,S2,D1,loaded,10.6301
340,S2,D1,loaded,9.0734
341,S2,D1,loaded,9.4766
342,S2,D1,loaded,10.4055
343,S2,D1,loaded,10.8081
344,S2,D1,loaded,9.5641
345,S2,D1,loaded,9.2183
346,S2,D1,loaded,8.95
347,S2,D1,loaded,10.7615
348,S2,D1,loaded,9.7894
349,S2,D1,loaded,9.489
350,S2,D1,loaded,9.9829
351,S2,D1,loaded,9.5335
352,S2,D1,loaded,9.7139
353,S2,D1,loaded,9.3794
354,S2,D1,loaded,9.0925
355,S2,D1,loaded,9.6053
356,S2,D1,loaded,9.1608
357,S2,D1,loaded,9.5594
358,S2,D1,loaded,8.796
359,S2,D1,loaded,9.4951
360,S2,D1,loaded,8.611
361,S2,D1,loaded,9.5651
362,S2,D1,loaded,9.3685
363,S2,D1,loaded,8.3562
364,S2,D1,loaded,9.3928
365,S2,D1,loaded,9.5166
366,S2,D1,loaded,8.8501
367,S2,D1,loaded,9.3934
368,S2,D1,loaded,9.3472
369,S2,D1,loaded,9.9326
370,S2,D1,loaded,9.5153
371,S2,D1,loaded,8.7605
372,S2,D1,loaded,9.0588
373,S2,D1,loaded,9.9336
374,S2,D1,loaded,10.0542
375,S2,D1,loaded,9.2999
376,S2,D1,loaded,9.948
377,S2,D1,loaded,8.4522
378,S2,D1,loaded,9.1912
379,S2,D1,loaded,8.7314
380,S2,D1,loaded,9.0
381,S2,D1,loaded,9.2493
382,S2,D1,loaded,8.5058
383,S2,D1,loaded,10.7963
384,S2,D1,loaded,9.5865
385,S2,D1,loaded,9.6692
386,S2,D1,loaded,9.3912
387,S2,D1,loaded,8.973
388,S2,D1,loaded,8.582
389,S2,D1,loaded,9.5484
390,S2,D1,loaded,9.4278
391,S2,D1,loaded,9.3399
392,S2,D1,loaded,9.7615
393,S2,D1,loaded,9.9832
394,S2,D1,loaded,9.9477
395,S2,D1,loaded,8.6839
396,S2,D1,loaded,10.876
397,S2,D1,loaded,8.4605
398,S2,D1,loaded,10.1813
399,S2,D1,loaded,8.8198
400,S2,D1,loaded,8.7052
401,S2,D1,loaded,8.8025
402,S2,D1,loaded,8.8573
403,S2,D1,loaded,9.2969
404,S2,D1,loaded,9.4433
405,S2,D1,loaded,10.5568
406,S2,D1,loaded,10.485
407,S2,D1,loaded,9.7902
408,S2,D1,loaded,8.5569
409,S2,D1,loaded,9.0373
410,S2,D1,loaded,9.5282
411,S2,D1,loaded,9.449
412,S2,D1,loaded,8.9585
413,S2,D1,loaded,8.6343
414,S2,D1,loaded,10.4686
415,S2,D1,loaded,9.2631
416,S2,D1,loaded,9.0906
417,S2,D1,loaded,9.1868
418,S2,D1,loaded,8.7118
419,S2,D1,loaded,9.7722
420,S2,D1,loaded,8.9925
421,S2,D1,loaded,10.0645
422,S2,D1,loaded,9.6123
423,S2,D1,loaded,9.7013
424,S2,D1,loaded,9.6971
425,S2,D1,loaded,9.6596
426,S2,D1,loaded,8.8316
427,S2,D1,loaded,9.686
428,S2,D1,loaded,9.1848
429,S2,D1,loaded,9.4437
430,S2,D1,loaded,10.2191
431,S2,D1,loaded,9.3497
432,S2,D1,loaded,9.3293
433,S2,D1,loaded,9.3304
434,S2,D1,loaded,9.2815
435,S2,D1,loaded,8.6825
436,S2,D1,loaded,9.0338
437,S2,D1,loaded,9.1121
438,S2,D1,loaded,10.5553
439,S2,D1,loaded,9.1312
440,S2,D1,loaded,9.1535
441,S2,D1,loaded,8.7716
442,S2,D1,loaded,9.3918
443,S2,D1,loaded,9.5215
444,S2,D1,loaded,9.769
445,S2,D1,loaded,9.4452
446,S2,D1,loaded,9.2787
447,S2,D1,loaded,10.4808
448,S2,D1,loaded,10.3795
449,S2,D1,loaded,8.5124
450,S2,D1,loaded,8.8751
451,S2,D1,loaded,9.4561
452,S2,D1,loaded,8.8897
453,S2,D1,loaded,8.614
454,S2,D1,loaded,8.9931
455,S2,D1,loaded,9.0134
456,S2,D1,loaded,10.5412
457,S2,D1,loaded,9.2826
458,S2,D1,loaded,9.0944
459,S2,D1,loaded,10.1443
460,S2,D1,loaded,9.0139
461,S2,D1,loaded,8.8392
462,S2,D1,loaded,8.8288
463,S2,D1,loaded,10.2288
464,S2,D1,loaded,9.8547
465,S2,D1,loaded,8.6068
466,S2,D1,loaded,9.0587
467,S2,D1,loaded,9.5842
468,S2,D1,loaded,9.5573
469,S2,D1,loaded,9.8284
470,S2,D1,loaded,9.8254
471,S2,D1,loaded,10.0122
472,S2,D1,loaded,8.5781
473,S2,D1,loaded,10.833
474,S2,D1,loaded,9.9748
475,S2,D1,loaded,8.9592
476,S2,D1,loaded,9.284
477,S2,D1,loaded,10.065
478,S2,D1,loaded,9.5523
479,S2,D1,loaded,9.5827
480,S2,D1,loaded,9.6072
481,S2,D1,loaded,9.502
482,S2,D1,loaded,9.6995
483,S2,D1,loaded,8.4753
484,S2,D1,loaded,9.8875
485,S2,D1,loaded,10.0523
486,S2,D1,loaded,9.689
487,S2,D1,loaded,8.8501
488,S2,D1,loaded,9.1183
489,S2,D1,loaded,9.1699
490,S2,D1,loaded,9.9833
491,S2,D1,loaded,9.1726
492,S2,D1,loaded,8.9897
493,S2,D1,loaded,9.0536
494,S2,D1,loaded,8.5055
495,S2,D1,loaded,8.3843
496,S2,D1,loaded,8.9851
497,S2,D1,loaded,9.2497
498,S2,D1,loaded,9.0693
499,S2,D1,loaded,9.597
500,S2,D1,loaded,9.3531
1,S2,D2,loaded,5.469
2,S2,D2,loaded,5.3048
3,S2,D2,loaded,5.1909
4,S2,D2,loaded,4.9522
5,S2,D2,loaded,5.0681
6,S2,D2,loaded,5.2083
7,S2,D2,loaded,5.3393
8,S2,D2,loaded,5.7523
9,S2,D2,loaded,5.6964
10,S2,D2,loaded,5.4867
11,S2,D2,loaded,5.0811
12,S2,D2,loaded,4.7928
13,S2,D2,loaded,4.9932
14,S2,D2,loaded,4.9139
15,S2,D2,loaded,5.2026
16,S2,D2,loaded,5.7514
17,S2,D2,loaded,4.9251
18,S2,D2,loaded,5.7544
19,S2,D2,loaded,5.5951
20,S2,D2,loaded,4.9759
21,S2,D2,loaded,5.6376
22,S2,D2,loaded,5.4972
23,S2,D2,loaded,5.0233
24,S2,D2,loaded,4.8845
25,S2,D2,loaded,4.905
26,S2,D2,loaded,5.109
27,S2,D2,loaded,4.8351
28,S2,D2,loaded,5.3192
29,S2,D2,loaded,5.5314
30,S2,D2,loaded,5.1629
31,S2,D2,loaded,5.4997
32,S2,D2,loaded,5.751
33,S2,D2,loaded,5.1724
34,S2,D2,loaded,4.9374
35,S2,D2,loaded,5.7181
36,S2,D2,loaded,5.661
37,S2,D2,loaded,5.6347
38,S2,D2,loaded,5.207
39,S2,D2,loaded,5.7473
40,S2,D2,loaded,5.6915
41,S2,D2,loaded,4.9401
42,S2,D2,loaded,5.5193
43,S2,D2,loaded,6.0646
44,S2,D2,loaded,5.1515
45,S2,D2,loaded,5.8406
46,S2,D2,loaded,5.1945
47,S2,D2,loaded,5.1275
48,S2,D2,loaded,5.3023
49,S2,D2,loaded,5.8942
50,S2,D2,loaded,5.4389
51,S2,D2,loaded,5.4035
52,S2,D2,loaded,4.6854
53,S2,D2,loaded,5.1196
54,S2,D2,loaded,5.906
55,S2,D2,loaded,5.2879
56,S2,D2,loaded,5.3329
57,S2,D2,loaded,5.127
58,S2,D2,loaded,4.6807
59,S2,D2,loaded,5.389
60,S2,D2,loaded,5.2204
61,S2,D2,loaded,5.7409
62,S2,D2,loaded,5.0324
63,S2,D2,loaded,5.2576
64,S2,D2,loaded,5.2389
65,S2,D2,loaded,5.04
66,S2,D2,loaded,5.4842
67,S2,D2,loaded,5.3262
68,S2,D2,loaded,4.9701
69,S2,D2,loaded,5.5221
70,S2,D2,loaded,5.9245
71,S2,D2,loaded,5.3557
72,S2,D2,loaded,5.1927
73,S2,D2,loaded,5.2738
74,S2,D2,loaded,5.3025
75,S2,D2,loaded,5.1329
76,S2,D2,loaded,5.0306
77,S2,D2,loaded,5.3529
78,S2,D2,loaded,5.4805
79,S2,D2,loaded,5.154
80,S2,D2,loaded,5.5657
81,S2,D2,loaded,5.8887
82,S2,D2,loaded,4.7069
83,S2,D2,loaded,5.157
84,S2,D2,loaded,5.5296
85,S2,D2,loaded,6.0044
86,S2,D2,loaded,5.3847
87,S2,D2,loaded,5.3066
88,S2,D2,loaded,5.3821
89,S2,D2,loaded,5.8667
90,S2,D2,loaded,5.307
91,S2,D2,loaded,5.2675
92,S2,D2,loaded,5.1859
93,S2,D2,loaded,4.957
94,S2,D2,loaded,5.3143
95,S2,D2,loaded,5.4363
96,S2,D2,loaded,5.2971
97,S2,D2,loaded,6.0421
98,S2,D2,loaded,5.6431
99,S2,D2,loaded,5.7919
100,S2,D2,loaded,5.35
101,S2,D2,loaded,5.989
102,S2,D2,loaded,5.7154
103,S2,D2,loaded,5.3712
104,S2,D2,loaded,5.1554
105,S2,D2,loaded,5.3243
106,S2,D2,loaded,5.8235
107,S2,D2,loaded,5.1794
108,S2,D2,loaded,4.6371
109,S2,D2,loaded,5.4753
110,S2,D2,loaded,5.0495
111,S2,D2,loaded,4.8617
112,S2,D2,loaded,5.2841
113,S2,D2,loaded,5.312
114,S2,D2,loaded,5.2921
115,S2,D2,loaded,4.8734
116,S2,D2,loaded,5.2611
117,S2,D2,loaded,5.9484
118,S2,D2,loaded,5.3541
119,S2,D2,loaded,4.9353
120,S2,D2,loaded,5.7169
121,S2,D2,loaded,5.4995
122,S2,D2,loaded,5.3197
123,S2,D2,loaded,5.2645
124,S2,D2,loaded,5.1885
125,S2,D2,loaded,4.997
126,S2,D2,loaded,5.0851
127,S2,D2,loaded,5.6987
128,S2,D2,loaded,5.4599
129,S2,D2,loaded,5.1511
130,S2,D2,loaded,5.1219
131,S2,D2,loaded,5.4834
132,S2,D2,loaded,5.2567
133,S2,D2,loaded,5.1507
134,S2,D2,loaded,6.0326
135,S2,D2,loaded,4.713
136,S2,D2,loaded,5.1142
137,S2,D2,loaded,5.2758
138,S2,D2,loaded,5.4368
139,S2,D2,loaded,5.3364
140,S2,D2,loaded,5.6748
141,S2,D2,loaded,5.323
142,S2,D2,loaded,5.4872
143,S2,D2,loaded,5.5606
144,S2,D2,loaded,5.7039
145,S2,D2,loaded,5.3678
146,S2,D2,loaded,5.4022
147,S2,D2,loaded,4.8825
148,S2,D2,loaded,5.2083
149,S2,D2,loaded,5.6426
150,S2,D2,loaded,4.8709
151,S2,D2,loaded,5.0015
152,S2,D2,loaded,5.2519
153,S2,D2,loaded,5.0115
154,S2,D2,loaded,4.8865
155,S2,D2,loaded,5.0887
156,S2,D2,loaded,4.89
157,S2,D2,loaded,5.3445
158,S2,D2,loaded,5.5701
159,S2,D2,loaded,5.7404
160,S2,D2,loaded,5.2331
161,S2,D2,loaded,5.3401
162,S2,D2,loaded,5.6849
163,S2,D2,loaded,4.9969
164,S2,D2,loaded,5.3288
165,S2,D2,loaded,4.7624
166,S2,D2,loaded,5.3726
167,S2,D2,loaded,5.6177
168,S2,D2,loaded,5.3988
169,S2,D2,loaded,5.2933
170,S2,D2,loaded,5.1321
171,S2,D2,loaded,5.8298
172,S2,D2,loaded,5.5053
173,S2,D2,loaded,5.1943
174,S2,D2,loaded,5.0926
175,S2,D2,loaded,5.4322
176,S2,D2,loaded,5.2155
177,S2,D2,loaded,5.6851
178,S2,D2,loaded,5.4949
179,S2,D2,loaded,5.9152
180,S2,D2,loaded,5.2599
181,S2,D2,loaded,5.2021
182,S2,D2,loaded,5.2009
183,S2,D2,loaded,5.6958
184,S2,D2,loaded,4.7942
185,S2,D2,loaded,4.9031
186,S2,D2,loaded,4.8783
187,S2,D2,loaded,5.5242
188,S2,D2,loaded,5.2539
189,S2,D2,loaded,5.5717
190,S2,D2,loaded,5.1058
191,S2,D2,loaded,5.3136
192,S2,D2,loaded,4.9321
193,S2,D2,loaded,5.2459
194,S2,D2,loaded,5.2067
195,S2,D2,loaded,5.332
196,S2,D2,loaded,5.3371
197,S2,D2,loaded,5.3932
198,S2,D2,loaded,5.2487
199,S2,D2,loaded,4.9802
200,S2,D2,loaded,5.53
201,S2,D2,loaded,5.1993
202,S2,D2,loaded,5.5477
203,S2,D2,loaded,5.7182
204,S2,D2,loaded,4.7288
205,S2,D2,loaded,5.1954
206,S2,D2,loaded,5.0317
207,S2,D2,loaded,5.4519
208,S2,D2,loaded,5.4162
209,S2,D2,loaded,5.4727
210,S2,D2,loaded,5.699
211,S2,D2,loaded,5.6318
212,S2,D2,loaded,4.8749
213,S2,D2,loaded,5.2863
214,S2,D2,loaded,5.9386
215,S2,D2,loaded,5.1161
216,S2,D2,loaded,5.0531
217,S2,D2,loaded,5.2724
218,S2,D2,loaded,5.4438
219,S2,D2,loaded,5.8052
220,S2,D2,loaded,5.2705
221,S2,D2,loaded,5.9014
222,S2,D2,loaded,4.8496
223,S2,D2,loaded,4.6907
224,S2,D2,loaded,5.2989
225,S2,D2,loaded,5.8327
226,S2,D2,loaded,4.7751
227,S2,D2,loaded,5.3047
228,S2,D2,loaded,5.2541
229,S2,D2,loaded,5.11
230,S2,D2,loaded,4.9649
231,S2,D2,loaded,5.241
232,S2,D2,loaded,5.1983
233,S2,D2,loaded,5.4368
234,S2,D2,loaded,4.7422
235,S2,D2,loaded,5.0159
236,S2,D2,loaded,5.4359
237,S2,D2,loaded,5.387
238,S2,D2,loaded,5.7208
239,S2,D2,loaded,5.6264
240,S2,D2,loaded,4.9319
241,S2,D2,loaded,5.0712
242,S2,D2,loaded,6.1209
243,S2,D2,loaded,5.7069
244,S2,D2,loaded,5.0493
245,S2,D2,loaded,5.4109
246,S2,D2,loaded,4.7837
247,S2,D2,loaded,5.339
248,S2,D2,loaded,5.8822
249,S2,D2,loaded,5.4803
250,S2,D2,loaded,5.6047
251,S2,D2,loaded,4.6414
252,S2,D2,loaded,5.2706
253,S2,D2,loaded,4.9748
254,S2,D2,loaded,4.7849
255,S2,D2,loaded,5.2087
256,S2,D2,loaded,5.4039
257,S2,D2,loaded,5.3148
258,S2,D2,loaded,5.2691
259,S2,D2,loaded,5.4364
260,S2,D2,loaded,5.1934
261,S2,D2,loaded,5.7115
262,S2,D2,loaded,5.043
263,S2,D2,loaded,5.5441
264,S2,D2,loaded,5.3055
265,S2,D2,loaded,4.8307
266,S2,D2,loaded,5.2051
267,S2,D2,loaded,5.2744
268,S2,D2,loaded,5.088
269,S2,D2,loaded,5.1975
270,S2,D2,loaded,4.9375
271,S2,D2,loaded,5.7706
272,S2,D2,loaded,5.3216
273,S2,D2,loaded,5.465
274,S2,D2,loaded,5.3317
275,S2,D2,loaded,5.6017
276,S2,D2,loaded,5.6642
277,S2,D2,loaded,4.9718
278,S2,D2,loaded,5.791
279,S2,D2,loaded,5.1288
280,S2,D2,loaded,4.7021
281,S2,D2,loaded,5.3343
282,S2,D2,loaded,5.635
283,S2,D2,loaded,5.7245
284,S2,D2,loaded,5.078
285,S2,D2,loaded,5.587
286,S2,D2,loaded,5.4709
287,S2,D2,loaded,5.4763
288,S2,D2,loaded,5.1698
289,S2,D2,loaded,5.1476
290,S2,D2,loaded,5.0004
291,S2,D2,loaded,5.5404
292,S2,D2,loaded,5.3194
293,S2,D2,loaded,5.5418
294,S2,D2,loaded,5.5465
295,S2,D2,loaded,5.1564
296,S2,D2,loaded,5.9281
297,S2,D2,loaded,5.5392
298,S2,D2,loaded,4.9378
299,S2,D2,loaded,5.6678
300,S2,D2,loaded,4.7527
301,S2,D2,loaded,5.4794
302,S2,D2,loaded,5.2996
303,S2,D2,loaded,5.2195
304,S2,D2,loaded,5.1174
305,S2,D2,loaded,5.4359
306,S2,D2,loaded,5.2552
307,S2,D2,loaded,5.2367
308,S2,D2,loaded,5.9023
309,S2,D2,loaded,4.7796
310,S2,D2,loaded,5.3995
311,S2,D2,loaded,5.343
312,S2,D2,loaded,5.6252
313,S2,D2,loaded,5.9027
314,S2,D2,loaded,5.1475
315,S2,D2,loaded,5.1509
316,S2,D2,loaded,5.4339
317,S2,D2,loaded,5.8696
318,S2,D2,loaded,5.0894
319,S2,D2,loaded,5.922
320,S2,D2,loaded,5.1492
321,S2,D2,loaded,5.2439
322,S2,D2,loaded,5.6643
323,S2,D2,loaded,5.4276
324,S2,D2,loaded,5.5778
325,S2,D2,loaded,5.0284
326,S2,D2,loaded,5.2634
327,S2,D2,loaded,5.0637
328,S2,D2,loaded,4.6909
329,S2,D2,loaded,5.1629
330,S2,D2,loaded,5.616
331,S2,D2,loaded,5.0194
332,S2,D2,loaded,5.4255
333,S2,D2,loaded,5.8414
334,S2,D2,loaded,5.1145
335,S2,D2,loaded,5.7461
336,S2,D2,loaded,5.6873
337,S2,D2,loaded,5.4561
338,S2,D2,loaded,5.4315
339,S2,D2,loaded,5.4716
340,S2,D2,loaded,4.9354
341,S2,D2,loaded,5.4956
342,S2,D2,loaded,5.5494
343,S2,D2,loaded,4.9045
344,S2,D2,loaded,5.9867
345,S2,D2,loaded,5.1867
346,S2,D2,loaded,5.2183
347,S2,D2,loaded,4.9709
348,S2,D2,loaded,5.6769
349,S2,D2,loaded,5.1316
350,S2,D2,loaded,5.2832
351,S2,D2,loaded,5.7314
352,S2,D2,loaded,5.3551
353,S2,D2,loaded,5.6776
354,S2,D2,loaded,5.5884
355,S2,D2,loaded,5.4731
356,S2,D2,loaded,4.7339
357,S2,D2,loaded,4.8817
358,S2,D2,loaded,5.1788
359,S2,D2,loaded,4.7657
360,S2,D2,loaded,4.9584
361,S2,D2,loaded,4.9807
362,S2,D2,loaded,5.0297
363,S2,D2,loaded,5.125
364,S2,D2,loaded,5.9491
365,S2,D2,loaded,5.0869
366,S2,D2,loaded,5.0766
367,S2,D2,loaded,5.3236
368,S2,D2,loaded,5.2907
369,S2,D2,loaded,5.1737
370,S2,D2,loaded,5.6168
371,S2,D2,loaded,5.6818
372,S2,D2,loaded,5.9208
373,S2,D2,loaded,5.0608
374,S2,D2,loaded,5.0681
375,S2,D2,loaded,5.6642
376,S2,D2,loaded,5.3326
377,S2,D2,loaded,5.3328
378,S2,D2,loaded,5.5238
379,S2,D2,loaded,5.8059
380,S2,D2,loaded,5.2215
381,S2,D2,loaded,5.4051
382,S2,D2,loaded,5.8579
383,S2,D2,loaded,5.4691
384,S2,D2,loaded,5.3757
385,S2,D2,loaded,5.3239
386,S2,D2,loaded,4.8301
387,S2,D2,loaded,4.6392
388,S2,D2,loaded,5.6814
389,S2,D2,loaded,5.017
390,S2,D2,loaded,4.7846
391,S2,D2,loaded,5.3165
392,S2,D2,loaded,5.3961
393,S2,D2,loaded,5.0149
394,S2,D2,loaded,5.6182
395,S2,D2,loaded,5.2559
396,S2,D2,loaded,5.5683
397,S2,D2,loaded,5.0864
398,S2,D2,loaded,5.4781
399,S2,D2,loaded,5.21
400,S2,D2,loaded,5.2831
401,S2,D2,loaded,5.7403
402,S2,D2,loaded,5.1375
403,S2,D2,loaded,4.8009
404,S2,D2,loaded,4.9304
405,S2,D2,loaded,5.6114
406,S2,D2,loaded,5.4053
407,S2,D2,loaded,5.5645
408,S2,D2,loaded,5.1252
409,S2,D2,loaded,5.5203
410,S2,D2,loaded,5.5406
411,S2,D2,loaded,5.6972
412,S2,D2,loaded,6.1528
413,S2,D2,loaded,5.5314
414,S2,D2,loaded,5.211
415,S2,D2,loaded,4.7574
416,S2,D2,loaded,5.3644
417,S2,D2,loaded,5.0993
418,S2,D2,loaded,5.6277
419,S2,D2,loaded,5.3618
420,S2,D2,loaded,5.6115
421,S2,D2,loaded,5.2059
422,S2,D2,loaded,5.1445
423,S2,D2,loaded,4.7859
424,S2,D2,loaded,5.0271
425,S2,D2,loaded,5.6686
426,S2,D2,loaded,6.0738
427,S2,D2,loaded,5.1062
428,S2,D2,loaded,5.3221
429,S2,D2,loaded,5.1143
430,S2,D2,loaded,5.5763
431,S2,D2,loaded,4.921
432,S2,D2,loaded,5.2309
433,S2,D2,loaded,5.2489
434,S2,D2,loaded,5.1572
435,S2,D2,loaded,5.1847
436,S2,D2,loaded,6.0005
437,S2,D2,loaded,5.5431
438,S2,D2,loaded,5.4446
439,S2,D2,loaded,5.2732
440,S2,D2,loaded,6.0705
441,S2,D2,loaded,5.2211
442,S2,D2,loaded,5.6159
443,S2,D2,loaded,4.894
444,S2,D2,loaded,4.9972
445,S2,D2,loaded,4.6552
446,S2,D2,loaded,5.5057
447,S2,D2,loaded,5.6339
448,S2,D2,loaded,5.4545
449,S2,D2,loaded,5.9534
450,S2,D2,loaded,5.2606
451,S2,D2,loaded,4.987
452,S2,D2,loaded,5.44
453,S2,D2,loaded,4.9675
454,S2,D2,loaded,5.0061
455,S2,D2,loaded,5.1438
456,S2,D2,loaded,5.2415
457,S2,D2,loaded,5.7738
458,S2,D2,loaded,5.5538
459,S2,D2,loaded,5.4593
460,S2,D2,loaded,4.9922
461,S2,D2,loaded,5.4835
462,S2,D2,loaded,5.4016
463,S2,D2,loaded,5.5047
464,S2,D2,loaded,4.8787
465,S2,D2,loaded,5.0509
466,S2,D2,loaded,5.0586
467,S2,D2,loaded,5.8389
468,S2,D2,loaded,4.7683
469,S2,D2,loaded,5.5529
470,S2,D2,loaded,4.8689
471,S2,D2,loaded,5.4327
472,S2,D2,loaded,4.9849
473,S2,D2,loaded,5.228
474,S2,D2,loaded,5.0608
475,S2,D2,loaded,4.953
476,S2,D2,loaded,5.8151
477,S2,D2,loaded,5.2592
478,S2,D2,loaded,5.2944
479,S2,D2,loaded,5.2573
480,S2,D2,loaded,5.1575
481,S2,D2,loaded,5.5069
482,S2,D2,loaded,4.7409
483,S2,D2,loaded,5.5488
484,S2,D2,loaded,5.5737
485,S2,D2,loaded,5.5697
486,S2,D2,loaded,4.9579
487,S2,D2,loaded,4.8627
488,S2,D2,loaded,4.8114
489,S2,D2,loaded,5.2713
490,S2,D2,loaded,5.6041
491,S2,D2,loaded,5.2003
492,S2,D2,loaded,5.5631
493,S2,D2,loaded,5.4032
494,S2,D2,loaded,5.3786
495,S2,D2,loaded,5.4154
496,S2,D2,loaded,5.8209
497,S2,D2,loaded,5.5818
498,S2,D2,loaded,5.8874
499,S2,D2,loaded,5.0012
500,S2,D2,loaded,5.1319
